"session";"sessionStart";"sessionEnd";"distance";"duration";"durationMoving";"avgSpeed";"avgSpeedMoving";"avgPace";"avgPaceMoving";"avgCadence";"avgCadenceMoving";"avgPower";"avgPowerMoving";"avgHeartRate";"avgHeartRateMoving";"avgHeartRateResting";"wrRatio";"sport"
"1";1;"2014-02-16 11:53:48";"2014-02-16 14:10:11";18.5153382115481;136.383333333333;109.383333333333;8.14557223042566;10.1562117265844;7.36596500561196;5.90771457067473;NA;NA;NA;NA;NA;NA;NA;4.05123456790124;"Run"
"2";1;"2014-02-21 08:35:56";"2014-02-21 09:28:42";8.28750061209999;52.7666666666667;52.1166666666667;9.42356355134553;9.54109440472017;6.3670181320561;6.28858676529988;NA;NA;NA;NA;NA;NA;NA;80.1794871794874;"Run"
"3";1;"2014-02-25 08:22:14";"2014-02-25 09:40:41";13.8832432020808;78.45;77.7166666666667;10.6181592367731;10.7183520324879;5.65069694869582;5.59787547732497;NA;NA;NA;NA;NA;NA;NA;105.977272727272;"Run"
"4";1;"2014-03-01 15:46:02";"2014-03-01 17:50:02";19.7314058189028;124;123.833333333333;9.54745442850136;9.56030429987215;6.28439763177986;6.2759508607694;NA;NA;NA;NA;NA;NA;NA;743.000000000003;"Run"
"5";1;"2014-03-04 08:50:28";"2014-03-04 09:05:58";2.32861969700576;15.5;15.3333333333333;9.01401173034488;9.11199011871819;6.65630374076564;6.58473058226279;NA;NA;NA;NA;NA;NA;NA;92.0000000000003;"Run"
"6";1;"2014-03-06 08:37:29";"2014-03-06 09:12:10";6.02990569474285;34.6833333333333;34.5166666666667;10.4313601638992;10.4817288754584;5.7518865284364;5.7242465162863;NA;NA;NA;NA;NA;NA;NA;207.100000000003;"Run"
"7";1;"2014-03-09 13:50:51";"2014-03-09 15:00:17";12.5300366950254;69.4333333333333;69.2666666666667;10.8276841339634;10.8537372719181;5.5413511566889;5.52804978569348;NA;NA;NA;NA;NA;NA;NA;415.600000000001;"Run"
"8";1;"2014-03-12 19:18:23";"2014-03-12 20:47:06";15.9078027036764;88.7166666666667;88.55;10.7586116350244;10.778861233434;5.5769277705565;5.56645073172397;NA;NA;NA;NA;NA;NA;NA;531.300000000002;"Run"
"9";1;"2014-03-23 12:57:26";"2014-03-23 14:50:12";20.1219246551421;112.766666666667;110.283333333333;10.7063152170428;10.94739742459;5.6041690146101;5.48075471026826;NA;NA;NA;NA;NA;NA;NA;44.4093959731543;"Run"
"10";1;"2014-03-31 07:25:58";"2014-03-31 08:23:04";9.88358635720432;57.1;56.9333333333333;10.3855548411954;10.415957519302;5.77725513152205;5.76039215682409;NA;NA;NA;NA;NA;NA;NA;341.59999999999;"Run"
"11";1;"2014-04-02 18:46:50";"2014-04-02 19:16:23";4.46481308634204;29.55;29.3833333333333;9.06561032759805;9.11703182690377;6.6184181573903;6.58108923377276;NA;NA;NA;NA;NA;NA;NA;176.299999999999;"Run"
"12";1;"2014-04-10 08:25:35";"2014-04-10 08:51:45";4.08146905372227;26.1666666666667;26;9.35878254356699;9.41877473935909;6.41109030161649;6.3702553315425;NA;NA;NA;NA;NA;NA;NA;155.999999999999;"Run"
"13";1;"2014-04-13 16:23:05";"2014-04-13 17:51:59";14.9296948374045;88.9;85.3833333333333;10.0762844796881;10.4912944397143;5.95457582811888;5.71902736547676;NA;NA;NA;NA;NA;NA;NA;24.2796208530805;"Run"
"14";1;"2014-04-23 05:39:23";"2014-04-23 07:40:12";19.4330865586217;120.816666666667;114.316666666667;9.6508637896314;10.1996080494297;6.21706007958192;5.88257898825388;NA;NA;NA;NA;NA;NA;NA;17.5871794871795;"Run"
"15";1;"2014-05-25 13:31:06";"2014-05-25 14:45:00";24.7518715026492;73.9;72.0166666666667;20.096242086048;20.6217860239613;2.98563282344491;2.9095443008808;NA;NA;NA;NA;NA;NA;NA;38.2389380530973;"Ride"
"16";1;"2014-05-25 14:49:29";"2014-05-25 16:12:25";13.9274376581169;82.9333333333333;81.3166666666667;10.0761204922067;10.2764450848987;5.95467273802515;5.83859491334902;NA;NA;NA;NA;NA;NA;NA;50.298969072165;"Run"
"17";1;"2014-05-30 08:29:49";"2014-05-30 08:52:43";3.67995574685967;22.9;22.7333333333333;9.64180545028734;9.71249317352992;6.22290091926838;6.17761051956483;NA;NA;NA;NA;NA;NA;NA;136.400000000002;"Run"
"18";1;"2014-06-01 11:18:05";"2014-06-01 13:03:01";34.7661790055226;104.933333333333;101.2;19.8790095965504;20.6123590941834;3.01825901882012;2.91087496224202;NA;NA;NA;NA;NA;NA;NA;27.1071428571429;"Ride"
"19";1;"2014-06-01 13:05:41";"2014-06-01 14:06:01";10.4419879267158;60.3333333333333;59.9166666666667;10.3842973856842;10.4565108584637;5.77795471099623;5.73805170884847;NA;NA;NA;NA;NA;NA;NA;143.800000000001;"Run"
"20";1;"2014-06-15 17:12:08";"2014-06-15 18:29:45";14.1468704730685;77.6166666666667;77.1333333333333;10.9359531249832;11.0044800568381;5.48649023219843;5.45232484316391;NA;NA;NA;NA;NA;NA;NA;159.586206896553;"Run"
"21";1;"2014-07-24 08:38:28";"2014-07-24 09:38:12";10.5747206874118;59.7333333333333;59.5666666666667;10.6219292619092;10.65164926544;5.64869135545492;5.63293049787831;NA;NA;NA;NA;NA;NA;NA;357.39999999999;"Run"
"22";1;"2014-07-27 11:08:34";"2014-07-27 13:32:50";22.3455068225209;144.266666666667;141.65;9.29341780973605;9.46509290046773;6.45618234629915;6.33908199644137;NA;NA;NA;NA;NA;NA;NA;54.1337579617832;"Run"
"23";1;"2014-07-29 07:58:18";"2014-07-29 08:43:52";8.44674579329633;45.5666666666667;45.4;11.1222695156791;11.163100167352;5.39458245598325;5.37485099125763;NA;NA;NA;NA;NA;NA;NA;272.399999999992;"Run"
"24";1;"2014-08-03 13:41:29";"2014-08-03 16:33:54";23.7389556388425;172.416666666667;171.483333333333;8.2610188786692;8.30598117405315;7.26302661708306;7.22371008827139;NA;NA;NA;NA;NA;NA;NA;183.732142857146;"Run"
"25";1;"2014-08-07 08:22:34";"2014-08-07 08:55:02";4.62765165722752;32.4666666666667;28.0166666666667;8.55212831931163;9.9104973028073;7.01579744360401;6.05418660302789;NA;NA;NA;NA;NA;NA;NA;6.29588014981273;"Run"
"26";1;"2014-08-29 08:13:25";"2014-08-29 08:51:33";6.63415200381252;38.1333333333333;37.9666666666667;10.4383510549498;10.4841734915387;5.74803430964784;5.72291178207071;NA;NA;NA;NA;NA;NA;NA;227.800000000003;"Run"
"27";1;"2014-08-31 12:43:02";"2014-08-31 14:53:16";22.0882826504046;130.233333333333;122.583333333333;10.1763267905627;10.8113959947596;5.89603707062974;5.54969959745095;NA;NA;NA;NA;NA;NA;NA;16.0239651416122;"Run"
"28";1;"2014-09-02 08:09:06";"2014-09-02 08:52:40";7.93849132222349;43.5666666666667;43.4;10.9328878194356;10.9748727957007;5.48802850545462;5.46703375218203;NA;NA;NA;NA;NA;NA;NA;260.399999999993;"Run"
"29";1;"2014-09-03 07:34:01";"2014-09-03 08:17:16";7.97908154452063;43.25;42.8333333333333;11.0692460733234;11.1769235643091;5.42042336059349;5.36820348236041;NA;NA;NA;NA;NA;NA;NA;102.800000000001;"Run"
"30";1;"2014-09-05 08:35:36";"2014-09-05 09:35:40";11.5437877044556;60.0666666666667;59.9;11.5309755094451;11.5630594702393;5.2033758939869;5.18893811403688;NA;NA;NA;NA;NA;NA;NA;359.400000000001;"Run"
"31";1;"2014-09-09 06:10:46";"2014-09-09 07:07:19";10.4198970400522;56.55;56.3833333333333;11.055593676448;11.0882735276937;5.42711696503641;5.41112192535166;NA;NA;NA;NA;NA;NA;NA;338.300000000005;"Run"
"32";1;"2014-09-10 07:30:51";"2014-09-10 08:32:56";11.2646103906829;62.0833333333333;61.9166666666667;10.8866033305929;10.9159077810117;5.51136090642631;5.49656530667751;NA;NA;NA;NA;NA;NA;NA;371.500000000001;"Run"
"33";1;"2014-09-16 06:14:59";"2014-09-16 07:40:49";14.8369483890399;85.8333333333333;85.1666666666667;10.3714590680667;10.4526446576406;5.78510695614057;5.74017408657831;NA;NA;NA;NA;NA;NA;NA;127.75;"Run"
"34";1;"2014-09-19 05:44:33";"2014-09-19 07:04:39";15.5517511857573;80.1;79.9333333333333;11.6492518245373;11.673541340435;5.15054536580791;5.13982845909587;NA;NA;NA;NA;NA;NA;NA;479.600000000002;"Run"
"35";1;"2014-09-21 12:03:51";"2014-09-21 15:34:25";31.3975751543808;210.566666666667;207.15;8.9465941551188;9.09415645311537;6.70646270074416;6.59764325689008;NA;NA;NA;NA;NA;NA;NA;60.6292682926829;"Run"
"36";1;"2014-09-23 06:35:47";"2014-09-23 08:03:30";15.4658536934055;87.7166666666667;87;10.5789612951282;10.6661059954521;5.67163432459395;5.62529568200274;NA;NA;NA;NA;NA;NA;NA;121.395348837208;"Run"
"37";1;"2014-09-24 09:21:46";"2014-09-24 10:58:28";16.2860466861703;96.7;92.45;10.1050961858348;10.569635491295;5.93759810857689;5.676638522626;NA;NA;NA;NA;NA;NA;NA;21.7529411764706;"Run"
"38";1;"2014-09-27 11:58:35";"2014-09-27 15:12:19";30.5960619875656;193.733333333333;191.883333333333;9.4757246348276;9.56708270261757;6.33196956562801;6.27150426781446;NA;NA;NA;NA;NA;NA;NA;103.720720720721;"Run"
"39";1;"2014-09-30 07:13:51";"2014-09-30 07:41:02";5.05476263166829;27.1833333333333;27.0166666666667;11.157048114044;11.2258762948833;5.37776653705332;5.34479433265692;NA;NA;NA;NA;NA;NA;NA;162.099999999999;"Run"
"40";1;"2014-09-30 07:45:20";"2014-09-30 08:38:26";9.76793102354543;53.1;52.5833333333333;11.0372101960965;11.1456582202103;5.43615632338142;5.38326214697689;NA;NA;NA;NA;NA;NA;NA;101.774193548387;"Run"
"41";1;"2014-10-01 07:35:33";"2014-10-01 08:50:09";13.0198678406722;74.6;74.2;10.4717435715862;10.5281950194115;5.7297048566776;5.69898257862571;NA;NA;NA;NA;NA;NA;NA;185.499999999996;"Run"
"42";1;"2014-10-05 11:39:53";"2014-10-05 15:33:23";35.8549855615102;233.5;230.283333333333;9.21327252115894;9.34196627498276;6.51234399744561;6.42263076464711;NA;NA;NA;NA;NA;NA;NA;71.5906735751296;"Run"
"43";1;"2014-10-08 07:36:51";"2014-10-08 09:13:53";16.763458421474;97.0333333333333;95.8166666666667;10.3655874815023;10.4972082653168;5.78838392971664;5.71580542973909;NA;NA;NA;NA;NA;NA;NA;78.7534246575349;"Run"
"44";1;"2014-10-09 07:02:32";"2014-10-09 08:31:42";16.7250253649858;89.1666666666667;88.7333333333333;11.2542226755045;11.3091831919513;5.33133222346789;5.30542294537254;NA;NA;NA;NA;NA;NA;NA;204.76923076923;"Run"
"45";1;"2014-10-13 08:13:30";"2014-10-13 09:09:51";9.2954017655195;56.35;56.1833333333333;9.89749966160018;9.92686038441715;6.0621371105255;6.04420709836778;NA;NA;NA;NA;NA;NA;NA;337.09999999999;"Run"
"46";1;"2014-10-14 07:22:02";"2014-10-14 09:06:20";15.2649837403674;104.3;91.55;8.78139045466967;10.004358540929;6.83263092669953;5.99738601475879;NA;NA;NA;NA;NA;NA;NA;7.18039215686275;"Run"
"47";1;"2014-10-17 07:32:30";"2014-10-17 09:08:07";15.900835817128;95.6166666666667;93.1166666666667;9.97786455319173;10.2457506607591;6.01331073198494;5.85608629241762;NA;NA;NA;NA;NA;NA;NA;37.2466666666666;"Run"
"48";1;"2014-10-19 11:13:56";"2014-10-19 15:13:41";36.7146960160997;239.75;236.516666666667;9.18824509266312;9.31385424973286;6.53008266485081;6.44201620416391;NA;NA;NA;NA;NA;NA;NA;73.1494845360825;"Run"
"49";1;"2014-10-25 12:50:08";"2014-10-25 16:06:41";31.8017471072693;196.55;193.416666666667;9.70798690631473;9.86525545766217;6.18047805163107;6.08195096999734;NA;NA;NA;NA;NA;NA;NA;61.7287234042551;"Run"
"50";1;"2014-10-26 12:10:29";"2014-10-26 12:59:31";8.5305505125927;49.0333333333333;48.8666666666667;10.4384710555179;10.4740729349706;5.74796823029779;5.72843060884878;NA;NA;NA;NA;NA;NA;NA;293.200000000004;"Run"
"51";1;"2014-10-29 17:59:29";"2014-10-29 19:26:22";15.9935525817666;86.8833333333333;85.8833333333333;11.0448473612813;11.1734502802949;5.4323973919581;5.3698721965778;NA;NA;NA;NA;NA;NA;NA;85.8833333333325;"Run"
"52";1;"2015-01-21 18:54:52";"2015-01-21 20:41:38";17.1371688215128;106.766666666667;106.3;9.63062874765003;9.67290808363846;6.23012282709378;6.20289156902968;NA;NA;NA;NA;NA;NA;NA;227.785714285718;"Run"
"53";1;"2015-04-19 16:57:27";"2015-04-19 17:34:05";4.72534804900354;36.6333333333333;36.4666666666667;7.73942355614775;7.77479569305884;7.75251536044174;7.71724458992107;NA;NA;NA;NA;NA;NA;NA;218.800000000003;"Run"
"54";1;"2015-04-21 18:23:59";"2015-04-21 19:12:44";9.53512514663651;48.75;48.5833333333333;11.7355386420142;11.7757977797226;5.11267542379309;5.095196191575;NA;NA;NA;NA;NA;NA;NA;291.500000000004;"Run"
"55";1;"2015-04-24 06:48:12";"2015-04-24 07:51:58";11.1164093713455;63.7666666666667;63.6;10.4597683577741;10.4871786522127;5.73626469991619;5.72127184915843;NA;NA;NA;NA;NA;NA;NA;381.600000000001;"Run"
"56";1;"2015-04-26 15:45:53";"2015-04-26 17:22:37";18.6360459948016;96.7333333333333;96.35;11.5592290801664;11.6052180559221;5.19065757620025;5.17008811991965;NA;NA;NA;NA;NA;NA;NA;251.347826086952;"Run"
"57";1;"2015-04-29 18:18:01";"2015-04-29 19:24:05";11.7641323679034;66.0666666666667;63.9166666666667;10.6838739970869;11.0432533310176;5.61594043662065;5.43318152735625;NA;NA;NA;NA;NA;NA;NA;29.7286821705426;"Run"
"58";1;"2015-05-01 07:12:23";"2015-05-01 08:16:33";11.2259293530843;64.1666666666667;64;10.4969729015853;10.5243087685165;5.71593358985793;5.70108700910505;NA;NA;NA;NA;NA;NA;NA;384.000000000001;"Run"
"59";1;"2015-05-04 18:28:11";"2015-05-04 20:11:39";18.579811506555;103.466666666667;102.483333333333;10.7743752293167;10.8777559641564;5.56876837152861;5.51584354325538;NA;NA;NA;NA;NA;NA;NA;104.220338983052;"Run"
"60";1;"2015-05-09 16:09:10";"2015-05-09 18:09:27";22.3568093772664;120.283333333333;120.116666666667;11.1520734042066;11.1675473509309;5.38016544774246;5.37271059746154;NA;NA;NA;NA;NA;NA;NA;720.700000000003;"Run"
"61";1;"2015-05-21 06:58:07";"2015-05-21 08:06:01";11.937312782443;67.9;67.7333333333333;10.5484354484032;10.5743912442901;5.68804732166062;5.67408549711064;NA;NA;NA;NA;NA;NA;NA;406.400000000001;"Run"
"62";1;"2015-05-22 06:05:01";"2015-05-22 06:58:29";9.62293631492867;53.4666666666667;53.3;10.7988063384486;10.8325737128653;5.55616964685929;5.5388499160399;NA;NA;NA;NA;NA;NA;NA;319.799999999991;"Run"
"63";1;"2015-05-25 16:45:09";"2015-05-25 18:56:20";23.3198619317803;131.183333333333;131.016666666667;10.6659259248392;10.6794940789224;5.6253906527018;5.61824366927821;NA;NA;NA;NA;NA;NA;NA;786.100000000003;"Run"
"64";1;"2015-05-27 07:37:44";"2015-05-27 08:38:21";11.104861083692;60.6166666666667;60.25;10.9918888922989;11.0587828219339;5.45857045935361;5.4255518863248;NA;NA;NA;NA;NA;NA;NA;164.31818181818;"Run"
"65";1;"2015-05-31 12:07:53";"2015-05-31 14:34:49";24.5053739743408;146.933333333333;145.8;10.0067316592136;10.0845160388234;5.99596372155696;5.94971536254313;NA;NA;NA;NA;NA;NA;NA;128.64705882353;"Run"
"66";1;"2015-06-06 16:23:18";"2015-06-06 19:00:26";25.2985078540017;157.133333333333;156.416666666667;9.66001572702655;9.70427578842901;6.2111700120874;6.1828415956131;NA;NA;NA;NA;NA;NA;NA;218.255813953487;"Run"
"67";1;"2015-06-21 13:54:15";"2015-06-21 16:01:29";21.8673646193934;127.233333333333;126.15;10.3120923015216;10.4006490460849;5.81841184559087;5.76887074394516;NA;NA;NA;NA;NA;NA;NA;116.446153846153;"Run"
"68";1;"2015-06-24 19:22:54";"2015-06-24 20:14:04";9.42889161351769;51.1666666666667;51;11.0566807194344;11.092813662962;5.42658339537086;5.40890722795923;NA;NA;NA;NA;NA;NA;NA;306.000000000004;"Run"
"69";1;"2015-06-29 18:46:09";"2015-06-29 19:53:06";28.9344711740229;66.95;64.7;25.9308180797816;26.8325853236689;2.31384909706271;2.23608717819205;NA;NA;NA;NA;NA;NA;NA;28.7555555555557;"Ride"
"70";1;"2015-06-30 18:52:34";"2015-06-30 19:18:39";8.28707201154496;26.0833333333333;23;19.0629132533942;21.6184487257695;3.14747274996475;2.77540728111908;NA;NA;NA;NA;NA;NA;NA;7.45945945945946;"Ride"
"71";1;"2015-07-01 19:07:58";"2015-07-01 20:26:40";13.9581616124881;78.7;78.5333333333333;10.641546337348;10.6641302642099;5.63827831951656;5.6263378741131;NA;NA;NA;NA;NA;NA;NA;471.200000000002;"Run"
"72";1;"2015-07-04 18:26:30";"2015-07-04 20:31:52";21.840884814431;125.366666666667;124.283333333333;10.4529626870449;10.5440774214767;5.73999944287206;5.69039827778475;NA;NA;NA;NA;NA;NA;NA;114.723076923076;"Run"
"73";1;"2015-07-05 14:04:41";"2015-07-05 16:13:54";45.1687692366713;129.216666666667;123.483333333333;20.9735030635904;21.9473031788388;2.86075243692403;2.73382107637949;NA;NA;NA;NA;NA;NA;NA;21.5377906976745;"Ride"
"74";1;"2015-07-09 19:25:24";"2015-07-09 20:55:58";14.9173877387278;90.5666666666667;89.2666666666667;9.88270074704084;10.0266235734541;6.0712148971996;5.98406827188095;NA;NA;NA;NA;NA;NA;NA;68.6666666666672;"Run"
"75";1;"2015-07-12 12:15:50";"2015-07-12 14:41:42";60.0386175649962;145.866666666667;139.016666666667;24.6959578649436;25.9128429725436;2.4295473910397;2.3154541577539;NA;NA;NA;NA;NA;NA;NA;20.294403892944;"Ride"
"76";1;"2015-07-12 14:51:20";"2015-07-12 15:15:39";3.53203485733787;24.3166666666667;24.15;8.71509628952456;8.77524188158477;6.88460551745358;6.83741836517494;NA;NA;NA;NA;NA;NA;NA;144.899999999999;"Run"
"77";1;"2015-07-13 18:22:04";"2015-07-13 19:52:40";15.3821676879457;90.6;89.5333333333333;10.1868660185071;10.3082285325027;5.8899370906611;5.82059272461946;NA;NA;NA;NA;NA;NA;NA;83.9374999999995;"Run"
"78";1;"2015-07-16 19:14:03";"2015-07-16 20:21:24";19.8901863108173;67.35;64.5666666666667;17.7195423704386;18.483394609949;3.38609196251578;3.24615695688843;NA;NA;NA;NA;NA;NA;NA;23.1976047904191;"Ride"
"79";1;"2015-07-18 10:34:58";"2015-07-18 12:17:03";19.692381744971;102.083333333333;100.633333333333;11.5742978419421;11.7410689436727;5.18389977684661;5.11026724124078;NA;NA;NA;NA;NA;NA;NA;69.4022988505747;"Run"
"80";1;"2015-07-19 16:33:52";"2015-07-19 18:42:35";46.5523933430613;128.716666666667;108.116666666667;21.6999373345877;25.8345330715308;2.76498494326827;2.32247278609107;NA;NA;NA;NA;NA;NA;NA;5.24838187702265;"Ride"
"81";1;"2015-07-19 18:49:57";"2015-07-19 19:40:09";16.1484768080159;50.2;45.4666666666667;19.3009682964333;21.3103066381441;3.10865232658237;2.81553902620076;NA;NA;NA;NA;NA;NA;NA;9.6056338028169;"Ride"
"82";1;"2015-07-21 17:55:45";"2015-07-21 19:28:28";16.8076059182749;92.7166666666667;91.2166666666667;10.8767537849703;11.0556150750575;5.5163517705907;5.42710646062249;NA;NA;NA;NA;NA;NA;NA;60.8111111111113;"Run"
"83";1;"2015-08-01 16:18:34";"2015-08-01 18:46:19";23.8152473022353;147.75;146.433333333333;9.67116641715141;9.75812545960019;6.20400863887447;6.14872192906386;NA;NA;NA;NA;NA;NA;NA;111.215189873418;"Run"
"84";1;"2015-08-02 09:35:16";"2015-08-02 13:10:45";67.4434781390622;215.483333333333;194;18.7792189110236;20.8588076718749;3.19502106473552;2.87648272824824;NA;NA;NA;NA;NA;NA;NA;9.03025601241272;"Ride"
"85";1;"2015-08-08 15:30:40";"2015-08-08 17:21:22";19.6934277416696;110.7;107.016666666667;10.6739445754307;11.041323761098;5.62116465716979;5.43413102434315;NA;NA;NA;NA;NA;NA;NA;29.0542986425339;"Run"
"86";1;"2015-08-09 09:27:05";"2015-08-09 13:11:32";78.2785578480685;224.45;198.3;20.9254331516334;23.6848889101569;2.86732415836833;2.53326077346599;NA;NA;NA;NA;NA;NA;NA;7.58317399617591;"Ride"
"87";1;"2015-09-06 10:55:26";"2015-09-06 13:00:08";19.7827291235483;124.7;123.8;9.51855451012747;9.58775240236588;6.3034781106902;6.25798388214472;NA;NA;NA;NA;NA;NA;NA;137.555555555558;"Run"
"88";1;"2015-09-09 19:01:18";"2015-09-09 19:48:14";8.13871053149951;46.9333333333333;46.7666666666667;10.4046015317465;10.4416813661433;5.76667927329345;5.74620100882863;NA;NA;NA;NA;NA;NA;NA;280.600000000004;"Run"
"89";1;"2015-09-14 18:53:32";"2015-09-14 19:42:25";8.30054533876618;48.8833333333333;48.7166666666667;10.1881906646977;10.2230459184257;5.88917129396699;5.86909229194188;NA;NA;NA;NA;NA;NA;NA;292.300000000004;"Run"
"90";1;"2015-09-18 07:10:14";"2015-09-18 08:22:07";10.0414544320901;71.8833333333333;67.6666666666667;8.38145976246797;8.90375269840502;7.15865752511023;6.73873163736322;NA;NA;NA;NA;NA;NA;NA;16.0474308300395;"Run"
"91";1;"2015-09-19 13:06:39";"2015-09-19 15:50:58";26.0870034545489;164.316666666667;163.45;9.52563266420287;9.57614076031162;6.2987942234513;6.26557206099877;NA;NA;NA;NA;NA;NA;NA;188.596153846153;"Run"
"92";1;"2015-09-23 19:34:33";"2015-09-23 19:48:00";2.26052043840841;13.45;9.81666666666667;10.0841060449446;13.8164237322076;5.94995726270448;4.34265777909905;NA;NA;NA;NA;NA;NA;NA;2.70183486238532;"Run"
"93";1;"2015-09-25 07:05:31";"2015-09-25 08:29:00";14.5584148405276;83.4833333333333;80.55;10.4632248803952;10.8442568644526;5.734369726911;5.5328825893713;NA;NA;NA;NA;NA;NA;NA;27.4602272727273;"Run"
"94";1;"2015-09-26 11:54:57";"2015-09-26 14:50:32";28.7993354454485;175.583333333333;171.283333333333;9.84125368805075;10.0883144500939;6.09678420066053;5.94747519982803;NA;NA;NA;NA;NA;NA;NA;39.8333333333333;"Run"
"95";1;"2015-09-28 19:19:44";"2015-09-28 20:19:56";10.4524844634882;60.2;59.45;10.4177586014832;10.5491853290041;5.75939626701058;5.68764299125879;NA;NA;NA;NA;NA;NA;NA;79.2666666666662;"Run"
"96";1;"2015-10-02 06:58:09";"2015-10-02 08:30:48";15.7077545880162;92.65;89.5833333333333;10.1723181357903;10.5205426077876;5.89836055057064;5.7031278933832;NA;NA;NA;NA;NA;NA;NA;29.2119565217391;"Run"
"97";1;"2015-10-03 12:11:57";"2015-10-03 15:31:56";32.4766119379509;199.983333333333;197.216666666667;9.74379556434896;9.88048702582803;6.15776466201023;6.07257515172656;NA;NA;NA;NA;NA;NA;NA;71.2831325301203;"Run"
"98";1;"2015-10-05 19:04:47";"2015-10-05 20:25:27";14.2583783399053;80.6666666666667;77.8666666666667;10.6054053767891;10.9867641317763;5.65749237000555;5.46111660179048;NA;NA;NA;NA;NA;NA;NA;27.8095238095237;"Run"
"99";1;"2015-10-09 07:04:30";"2015-10-09 08:31:03";14.1551557700705;86.55;85.8333333333333;9.81293294285647;9.89486616936964;6.11437990551828;6.06375053214311;NA;NA;NA;NA;NA;NA;NA;119.767441860466;"Run"
"100";1;"2015-10-10 12:10:16";"2015-10-10 15:14:21";30.2539549323818;184.083333333333;181.5;9.86095407483698;10.0013074156634;6.08460393838635;5.99921565314869;NA;NA;NA;NA;NA;NA;NA;70.2580645161289;"Run"
"101";1;"2015-10-12 19:09:53";"2015-10-12 20:31:39";14.685505998271;81.7666666666667;79.4666666666667;10.7761560525429;11.0880498309093;5.56784809977223;5.41123109248145;NA;NA;NA;NA;NA;NA;NA;34.5507246376812;"Run"
"102";1;"2015-10-15 19:03:44";"2015-10-15 20:15:56";13.4478515972136;72.2;72.0333333333333;11.1754999422828;11.2013571841668;5.36888732583574;5.356493772452;NA;NA;NA;NA;NA;NA;NA;432.200000000002;"Run"
"103";1;"2015-10-17 12:45:36";"2015-10-17 16:15:37";35.4336542202751;210.016666666667;206.283333333333;10.1230977853337;10.306306471115;5.92703945692667;5.82167822858356;NA;NA;NA;NA;NA;NA;NA;55.2544642857143;"Run"
"104";1;"2015-10-20 18:56:39";"2015-10-20 20:11:38";13.9413975617343;74.9833333333333;73.1166666666667;11.1555970709588;11.440399184464;5.37846603981398;5.24457224197909;NA;NA;NA;NA;NA;NA;NA;39.1696428571429;"Run"
"105";1;"2015-10-22 19:29:27";"2015-10-22 20:42:18";14.1486001409032;72.85;72.6833333333333;11.6529307955277;11.6796515724035;5.14891927643023;5.13713954804673;NA;NA;NA;NA;NA;NA;NA;436.100000000002;"Run"
"106";1;"2015-10-24 11:03:06";"2015-10-24 13:38:56";26.2663220049161;155.833333333333;154.283333333333;10.1132362799677;10.2148384160849;5.93281896506741;5.87380803846299;NA;NA;NA;NA;NA;NA;NA;99.537634408602;"Run"
"107";1;"2015-10-26 19:51:18";"2015-10-26 20:52:52";10.5187924010286;61.5666666666667;57.9166666666667;10.2511241590967;10.8971662284037;5.8530166125007;5.506018605425;NA;NA;NA;NA;NA;NA;NA;15.8675799086758;"Run"
"108";1;"2015-10-31 14:13:39";"2015-10-31 15:31:42";15.288579076617;78.05;77.8833333333333;11.7529115259067;11.7780622032573;5.10511798440268;5.09421660070761;NA;NA;NA;NA;NA;NA;NA;467.300000000002;"Run"
"109";1;"2015-11-02 20:22:03";"2015-11-02 21:04:22";7.98226154822935;42.3166666666667;41.6166666666667;11.3178974295493;11.5082665493094;5.30133802444164;5.21364357898022;NA;NA;NA;NA;NA;NA;NA;59.4523809523807;"Run"
"110";1;"2015-12-20 12:19:18";"2015-12-20 13:34:26";12.1126056054101;75.1333333333333;74.9666666666667;9.67288823857062;9.69439310348518;6.20290429499124;6.18914452503785;NA;NA;NA;NA;NA;NA;NA;449.800000000002;"Run"
"111";1;"2016-01-06 21:49:04";"2016-01-06 22:39:19";9.07047155807951;50.25;50.0833333333333;10.830413800692;10.8664551111768;5.53995453028458;5.52157988839309;NA;NA;NA;NA;NA;NA;NA;300.500000000004;"Run"
"112";1;"2016-01-10 16:53:53";"2016-01-10 17:55:06";11.2608320178968;61.2166666666667;61.05;11.0370256641515;11.0671567743457;5.43624721240626;5.42144664825596;NA;NA;NA;NA;NA;NA;NA;366.300000000001;"Run"
"113";1;"2016-01-13 18:43:10";"2016-01-13 19:34:48";9.55703592125923;51.6333333333333;51.4666666666667;11.1056582687325;11.1416221879965;5.40265138257743;5.38521222382153;NA;NA;NA;NA;NA;NA;NA;308.800000000004;"Run"
"114";1;"2016-01-15 08:33:34";"2016-01-15 09:23:55";8.999485980131;50.35;50.1833333333333;10.7243129852604;10.7599300991271;5.59476397998312;5.57624440375014;NA;NA;NA;NA;NA;NA;NA;301.099999999991;"Run"
"115";1;"2016-01-17 11:13:16";"2016-01-17 12:51:14";17.615164324419;97.9666666666667;96.7666666666667;10.7884640299266;10.9222513895812;5.5614960418428;5.49337291917988;NA;NA;NA;NA;NA;NA;NA;80.6388888888888;"Run"
"116";1;"2016-01-19 20:17:39";"2016-01-19 21:25:01";12.6725814501218;67.3666666666667;67.2;11.2868117814049;11.3148048661802;5.31593874001253;5.30278698657361;NA;NA;NA;NA;NA;NA;NA;403.200000000001;"Run"
"117";1;"2016-01-24 12:30:22";"2016-01-24 14:38:36";22.4753523016716;128.233333333333;126.95;10.5161513238911;10.6224587483285;5.70550937810198;5.64840979113631;NA;NA;NA;NA;NA;NA;NA;98.9220779220768;"Run"
"118";1;"2016-02-06 12:55:42";"2016-02-06 13:46:38";9.62086050474099;50.9333333333333;50.7666666666667;11.3334744165797;11.3706821461154;5.2940517439406;5.27672827619211;NA;NA;NA;NA;NA;NA;NA;304.600000000004;"Run"
"119";1;"2016-02-07 12:38:48";"2016-02-07 14:11:51";15.531466763189;93.05;91.7333333333333;10.0149167736845;10.15866285383;5.99106326651241;5.90628913109159;NA;NA;NA;NA;NA;NA;NA;69.6708860759498;"Run"
"120";1;"2016-02-14 13:10:43";"2016-02-14 15:08:29";18.2579107817742;117.766666666667;116.25;9.30207738669505;9.42343782285122;6.45017209659202;6.36710308147882;88.9395848246242;88.9729032258064;NA;NA;165.440085898354;165.418924731183;180.2;76.6483516483518;"Run"
"121";1;"2016-02-16 19:47:05";"2016-02-16 20:43:36";10.8662457340131;56.5166666666667;56.35;11.5359730588166;11.5700930619483;5.20112171674531;5.18578369929694;91.8468361916026;91.8580301685892;NA;NA;168.549970431697;168.547471162378;177;338.100000000005;"Run"
"122";1;"2016-02-18 19:50:31";"2016-02-18 21:03:11";13.4183865665449;72.6666666666667;72.5;11.079401752193;11.1048716412785;5.41545485415074;5.40303408613663;91.8758905998621;91.8772413793103;NA;NA;159.873362445415;159.871264367816;169;435.000000000002;"Run"
"123";1;"2016-02-21 13:05:39";"2016-02-21 14:57:35";20.1599002626302;111.933333333333;107.383333333333;10.8063789376815;11.2642621364999;5.55227614596986;5.32658058494398;92.4878275701659;92.4912307931088;NA;NA;167.173050085285;167.165761291324;175;23.6007326007326;"Run"
"124";1;"2016-02-24 19:45:52";"2016-02-24 20:35:27";10.1138697942855;49.5833333333333;49.4166666666667;12.2386323561102;12.2799093623703;4.9025085691086;4.88602954870824;90.4238031018206;90.4387858347386;NA;NA;171.66048550236;171.658010118044;179;296.499999999992;"Run"
"125";1;"2016-02-28 09:33:25";"2016-02-28 11:10:04";21.3432722729498;96.65;96.1166666666667;13.2498327612725;13.3233535950441;4.52835904279275;4.50337068456385;91.7145077720207;91.7402462285417;NA;NA;179.304490500864;179.31142708514;177.565217391304;180.218749999999;"Run"
"126";1;"2016-03-03 06:04:33";"2016-03-03 06:58:52";9.44805092415843;54.3166666666667;53.6333333333333;10.4366318892207;10.5696032712773;5.7489811499407;5.67665582709702;89.545905707196;89.5509633312616;NA;NA;159.185794044665;159.191733996271;156;78.4878048780484;"Run"
"127";1;"2016-03-05 13:40:38";"2016-03-05 15:43:28";19.2763990170328;122.833333333333;121.8;9.41588011686813;9.49576306257774;6.37221367044729;6.31860753102155;86.0624829094887;86.0629447181171;NA;NA;158.039513262237;158.033798576902;165;117.870967741935;"Run"
"128";1;"2016-03-08 20:07:37";"2016-03-08 21:04:36";10.5247472320965;56.9833333333333;56.8166666666667;11.0819216249042;11.1144294618796;5.41422345608032;5.39838776302364;90.9237536656891;90.9254913464359;NA;NA;163.793841642229;163.791141097096;173;340.89999999999;"Run"
"129";1;"2016-03-10 20:34:09";"2016-03-10 21:51:48";13.8449188900593;77.65;77.4833333333333;10.6979411900007;10.7209524638016;5.60855578978892;5.59651767905745;90.1012903225806;90.1032480103248;NA;NA;157.001720430108;156.998924499892;170;464.900000000002;"Run"
"130";1;"2016-03-13 13:37:50";"2016-03-13 15:53:44";23.6648061954039;135.9;133.383333333333;10.448038055366;10.6451708488634;5.74270496355867;5.63635857534462;91.3816831683168;91.4413344995627;NA;NA;157.814727722772;157.878670498563;151.168831168831;52.9999999999996;"Run"
"131";1;"2016-03-15 07:50:15";"2016-03-15 08:56:02";11.3803415490955;65.7833333333333;65.0333333333333;10.3798402778677;10.4995462779969;5.78043576719908;5.71453264849526;91.9646878198567;91.968733982573;NA;NA;147.402507676561;147.398257303947;150.166666666667;86.7111111111114;"Run"
"132";1;"2016-03-20 10:21:10";"2016-03-20 14:49:48";33.9197185536817;268.633333333333;230.466666666667;7.57606320841631;8.8307048592171;7.91968049228331;6.79447461516898;79.5763135946622;80.7408157361874;NA;NA;158.440922991382;159.112669945039;141.853571428571;6.03842794759825;"Run"
"133";1;"2016-03-24 09:43:59";"2016-03-24 10:25:03";6.95201387772085;41.0666666666667;40.9;10.1571631330337;10.1985533658497;5.90716120378775;5.88318733526589;89.7116089613035;89.7110839445803;NA;NA;NA;NA;NA;245.399999999993;"Run"
"134";1;"2016-03-29 20:52:12";"2016-03-29 22:12:37";14.5626248983334;80.4166666666667;79.45;10.8653781624871;10.9975770157332;5.52212717336899;5.45574719905699;90.4752516778523;90.4770295783512;NA;NA;170.691275167785;170.690371302706;175;82.1896551724145;"Run"
"135";1;"2016-03-30 21:21:01";"2016-03-30 22:19:34";10.8797377656248;58.55;58.3833333333333;11.1491761902218;11.1810036986153;5.38156353225648;5.36624453558054;91.8427511415525;91.8435626605767;NA;NA;169.593321917808;169.589494718812;183;350.300000000005;"Run"
"136";1;"2016-04-03 14:44:13";"2016-04-03 17:14:24";23.5064078071965;150.183333333333;148.65;9.39108512994199;9.48795471531643;6.38903802593584;6.32380758554231;88.1876327854188;88.2322009193856;NA;NA;166.664542099966;166.673281758045;163.416666666667;96.945652173913;"Run"
"137";1;"2016-04-05 08:28:41";"2016-04-05 09:44:51";14.0510899157982;76.1666666666667;74.45;11.068692275027;11.3239139684069;5.42069455985969;5.29852135643178;93.6264252179745;93.6234609357511;NA;NA;163.76861167002;163.769196328632;163.333333333333;43.3689320388349;"Run"
"138";1;"2016-04-11 19:52:05";"2016-04-11 21:07:49";14.1776481602211;75.7333333333333;75.5666666666667;11.2322916762315;11.2570651470657;5.34174162579531;5.32998603242868;88.6414553472988;88.6440229378033;NA;NA;165.422271223815;165.419276576974;179;453.400000000002;"Run"
"139";1;"2016-04-12 20:03:31";"2016-04-12 21:14:18";11.3578477697809;70.7833333333333;68.2333333333333;9.62756109517572;9.98736003204965;6.23210794580836;6.00759357902976;87.9766138855055;87.9897410845139;NA;NA;152.420219244823;152.445530043967;143;26.7581699346405;"Run"
"140";1;"2016-04-16 17:38:20";"2016-04-16 19:47:29";20.4797647286252;129.15;128.1;9.51440870087115;9.59239565743567;6.30622478877813;6.25495466854416;88.5685127405096;88.5658339838668;NA;NA;159.485049401976;159.491282851939;151.5;121.999999999999;"Run"
"141";1;"2016-04-20 20:18:26";"2016-04-20 21:05:08";9.60464493590829;46.7;46.5333333333333;12.3400149069486;12.3842126680766;4.86223075518446;4.84487804014098;80.6516290726817;80.6629656160458;NA;NA;NA;NA;NA;279.199999999992;"Run"
"142";1;"2016-04-22 08:18:08";"2016-04-22 09:24:06";12.0324070002899;65.9666666666667;65.8;10.9440791311379;10.971799696313;5.48241649946493;5.46856501765729;93.9969612560142;93.9962006079027;NA;NA;NA;NA;NA;394.800000000001;"Run"
"143";1;"2016-04-22 11:13:41";"2016-04-22 11:39:18";9.5157871491836;25.6166666666667;23.8;22.2881156389466;23.9893793676898;2.69201761925333;2.50110680565631;NA;NA;NA;NA;NA;NA;NA;13.1009174311927;"Ride"
"144";1;"2016-04-24 12:15:42";"2016-04-24 15:08:46";30.2053419896432;173.066666666667;164.683333333333;10.4718057745296;11.0048812025823;5.72967082200253;5.45212609709235;92.6176708451274;92.6170428094322;NA;NA;163.468964820057;163.465843538103;166.272727272727;19.6441351888668;"Run"
"145";1;"2016-04-26 19:41:18";"2016-04-26 20:12:18";9.31175985784418;31;26.9333333333333;18.0227610151823;20.7440194852964;3.32912365366529;2.89239990555006;NA;NA;NA;NA;NA;NA;NA;6.62295081967213;"Ride"
"146";1;"2016-04-26 20:39:24";"2016-04-26 21:48:34";11.854567147755;69.1666666666667;67.1666666666667;10.2834799354019;10.5896877746695;5.83460077492289;5.66588942721427;90.0944003964321;90.1022332506203;NA;NA;150.543111992071;150.57047146402;132.166666666667;33.5833333333335;"Run"
"147";1;"2016-05-04 20:35:05";"2016-05-04 21:54:09";15.0341701327127;79.0666666666667;78.9;11.4087294430366;11.4328289982606;5.2591307646989;5.24804490726909;91.0802534318902;91.0798479087453;NA;NA;171.497993664203;171.496620194339;178;473.400000000002;"Run"
"148";1;"2016-05-07 15:21:15";"2016-05-07 17:24:12";19.2810888518133;122.95;122.133333333333;9.40923408791216;9.47215063680786;6.37671455927329;6.33435872175067;89.005999454595;89.0092794759825;NA;NA;168.787428415599;168.781522925764;176;149.551020408159;"Run"
"149";1;"2016-05-08 10:45:30";"2016-05-08 12:40:52";38.7336239355308;115.366666666667;107.7;20.1446180537288;21.5786205768974;2.97846302372032;2.78052991321593;NA;NA;NA;NA;137.341514516612;137.598885793872;129.781818181818;14.0478260869565;"Ride"
"150";1;"2016-05-11 08:23:47";"2016-05-11 09:41:33";14.1351553637305;77.7666666666667;77.6;10.9058206835469;10.929243837936;5.5016492331035;5.48985830032788;92.5984539403049;92.6009450171821;NA;NA;NA;NA;NA;465.599999999964;"Run"
"151";1;"2016-05-15 10:57:42";"2016-05-15 13:40:03";52.2662222910608;162.35;144.616666666667;19.3161277330683;21.6847297738641;3.10621263377145;2.76692403482547;NA;NA;NA;NA;NA;NA;NA;8.15507518796992;"Ride"
"152";1;"2016-05-18 08:01:14";"2016-05-18 09:21:06";13.8229987916059;79.8666666666667;79.7;10.3845566881847;10.4062726160145;5.77781043540033;5.76575323499256;91.6368388040978;91.637808448348;NA;NA;146.757265314656;146.756168966959;152;478.200000000002;"Run"
"153";1;"2016-05-21 12:18:26";"2016-05-21 15:02:09";23.4023089679136;163.716666666667;156.733333333333;8.57663771602248;8.95877416891629;6.9957484490584;6.69734484525554;88.2797239915074;88.2799872394726;NA;NA;151.73152866242;151.737026797108;148.5;22.4439140811455;"Run"
"154";1;"2016-05-22 10:13:53";"2016-05-22 13:58:45";75.2334269166586;224.866666666667;197.983333333333;20.0741429662;22.7999273423664;2.98891963163884;2.6315873335486;NA;NA;NA;NA;132.567598495995;132.848977186632;123.152112676056;7.36453812771233;"Ride"
"155";1;"2016-05-22 13:36:36";"2016-05-22 13:52:35";3.13725283659529;15.9833333333333;15.8166666666667;11.776965809951;11.9010645013098;5.09469085401458;5.0415658190405;85.8978947368421;85.913593256059;NA;NA;163.964210526316;163.949420442571;178;94.9000000000003;"Run"
"156";1;"2016-05-25 20:01:02";"2016-05-25 21:22:16";15.1454479549762;81.2333333333333;81.0666666666667;11.1866254899291;11.2096243087817;5.36354775209163;5.3525433455424;91.2970195272353;91.2999588815789;NA;NA;154.444604316547;154.442228618421;166;486.400000000002;"Run"
"157";1;"2016-05-29 14:04:07";"2016-05-29 16:58:10";29.1780065192011;174.05;173.083333333333;10.0584911873144;10.1146676426696;5.96510936706603;5.93197939069049;90.6127978478094;90.6231102551757;NA;NA;158.441487317448;158.422147327877;167.173913043478;179.051724137933;"Run"
"158";1;"2016-05-30 09:39:46";"2016-05-30 14:11:05";87.9769385643382;271.316666666667;231.316666666667;19.4555549377491;22.8198702234756;3.08395212534306;2.62928752058704;NA;NA;NA;NA;NA;NA;NA;5.78291666666667;"Ride"
"159";1;"2016-06-01 07:37:27";"2016-06-01 09:03:55";14.7823955881933;86.4666666666667;86.05;10.2576376479368;10.3073066274445;5.84930001032631;5.8211133294747;90.8163738173393;90.83168700368;NA;NA;152.488704383086;152.413712957583;176.6875;206.520000000001;"Run"
"160";1;"2016-06-02 18:22:53";"2016-06-02 19:46:32";31.5025340242995;83.65;78.6666666666667;22.5959598500654;24.0273564592115;2.65534194599953;2.49715361329304;NA;NA;NA;NA;NA;NA;NA;15.7859531772575;"Ride"
"161";1;"2016-06-04 13:07:41";"2016-06-04 16:23:54";31.4103977018949;196.216666666667;185.833333333333;9.60481030551444;10.1414736974728;6.24686985911132;5.9162999175309;89.6903248903607;89.7160538116592;NA;NA;157.567618365703;157.584394618834;149.434782608696;17.8972712680578;"Run"
"162";1;"2016-06-05 09:13:27";"2016-06-05 14:23:02";102.758480432938;309.583333333333;265.183333333333;19.9155063019422;23.2499861453445;3.01272782576201;2.58064669909553;NA;NA;NA;NA;NA;NA;NA;5.9725975975976;"Ride"
"163";1;"2016-06-05 14:38:08";"2016-06-05 14:54:30";3.11035460296405;16.3666666666667;16.2;11.4025219660597;11.5198318628298;5.26199380966719;5.20840935132027;90.5704008221994;90.5740740740741;NA;NA;NA;NA;NA;97.1999999999993;"Run"
"164";1;"2016-06-08 07:16:31";"2016-06-08 08:48:40";15.1522806081926;92.15;91.6;9.86583653273528;9.92507463418729;6.08159275707816;6.04529459086663;90.1041666666667;90.2259825327511;NA;NA;NA;NA;NA;166.545454545453;"Run"
"165";1;"2016-06-10 07:47:06";"2016-06-10 11:41:33";95.3984295592813;234.45;216.883333333333;24.4141854278391;26.3916350121734;2.45758762574085;2.27344762733815;NA;NA;NA;NA;NA;NA;NA;12.3462998102467;"Ride"
"166";1;"2016-06-11 12:38:41";"2016-06-11 15:48:44";28.1253809712982;190.05;187.483333333333;8.87936257973108;9.00092199277034;6.75724180212687;6.6659837790165;87.0974677920924;87.0977864699084;NA;NA;NA;NA;NA;73.0454545454545;"Run"
"167";1;"2016-06-15 07:38:57";"2016-06-15 09:11:29";15.3277350519689;92.5333333333333;92.3666666666667;9.93873310286168;9.95666658013137;6.03698674459062;6.02611320938783;90.373263575681;90.3735113677373;NA;NA;NA;NA;NA;554.200000000002;"Run"
"168";1;"2016-06-16 18:51:41";"2016-06-16 19:58:54";12.8458323244036;67.2166666666667;67.05;11.4666492357682;11.4951519681464;5.23256609374958;5.21959171712238;89.0268389662028;89.0313199105145;NA;NA;157.489065606362;157.48471290082;175;402.300000000001;"Run"
"169";1;"2016-06-18 12:59:44";"2016-06-18 16:34:56";35.1200702123127;215.2;205.083333333333;9.79184113726192;10.2748681645125;6.12755039209896;5.83949098317671;90.7274200081005;90.7334416903698;NA;NA;159.09744835966;159.097521332792;159.075;20.2718286655684;"Run"
"170";1;"2016-06-21 19:24:17";"2016-06-21 20:42:46";14.7391671357476;78.4833333333333;78.3166666666667;11.2679978102976;11.291977375759;5.32481466629034;5.31350692650208;90.4197872340425;90.4286018301766;NA;NA;NA;NA;NA;469.900000000002;"Run"
"171";1;"2016-06-23 16:42:58";"2016-06-23 17:22:31";1.02242262294579;39.55;18.5;1.55108362520221;3.31596526360796;38.6826338858281;18.0942788087944;NA;NA;NA;NA;NA;NA;NA;0.878859857482185;"Run"
"172";1;"2016-06-27 19:35:03";"2016-06-27 20:37:49";12.0618054659862;62.7666666666667;62.4333333333333;11.5301379919146;11.59169772492;5.20375385290918;5.17611841024901;90.1322863987224;90.2517351841965;NA;NA;158.78892733564;158.828083288841;145.454545454545;187.299999999993;"Run"
"173";1;"2016-06-28 18:23:49";"2016-06-28 20:18:28";32.3897191417716;114.65;89.7833333333333;16.9505725992699;21.6452550418373;3.53970343176397;2.77197011003234;NA;NA;NA;NA;NA;NA;NA;3.61058981233244;"Ride"
"174";1;"2016-06-29 18:17:21";"2016-06-29 19:24:05";28.5461828161699;66.7333333333333;64.5833333333333;25.665898635917;26.5203246808289;2.33773229027078;2.26241574045936;NA;NA;NA;NA;NA;NA;NA;30.0387596899224;"Ride"
"175";1;"2016-07-02 14:22:14";"2016-07-02 16:41:46";23.6682866223202;139.533333333333;135.783333333333;10.177476330668;10.4585530674301;5.89537111662943;5.73693125742714;89.2271505376344;89.3238001718424;NA;NA;159.074657869013;159.062231496256;161.810810810811;36.2088888888889;"Run"
"176";1;"2016-07-03 09:49:58";"2016-07-03 16:55:34";122.368883557462;425.6;315.95;17.2512523812211;23.2382750860823;3.47800835986337;2.58194723049538;NA;NA;NA;NA;NA;NA;NA;2.88144094847241;"Ride"
"177";1;"2016-07-05 09:49:37";"2016-07-05 10:46:43";10.8669597612699;57.1;56.8;11.4188719032608;11.4791828464119;5.25445950425856;5.22685288689819;88.185542873866;88.1954225352113;NA;NA;NA;NA;NA;189.333333333331;"Run"
"178";1;"2016-07-09 18:13:26";"2016-07-09 18:38:31";0.798458158321051;25.0833333333333;15.2333333333333;1.90993313618324;3.14491178332142;31.4147123076268;19.0784365775222;NA;NA;NA;NA;NA;NA;NA;1.54653130287648;"Run"
"179";1;"2016-07-11 19:07:14";"2016-07-11 19:49:01";7.64675580029033;41.7833333333333;41.05;10.9805827207998;11.176744166076;5.46419088363551;5.36828964754458;88.052247873633;88.0678034916768;NA;NA;176.385986229243;176.409257003654;166.833333333333;55.9772727272726;"Run"
"180";1;"2016-07-27 19:13:42";"2016-07-27 19:46:12";3.90569549534477;32.5;32.3333333333333;7.2105147606365;7.24768236249545;8.32118121823297;8.2785084940369;80.6326635754766;80.630412371134;NA;NA;156.010819165379;156;177;194.000000000003;"Run"
"181";1;"2016-08-07 13:30:21";"2016-08-07 15:13:46";16.0729270184673;103.416666666667;101.416666666667;9.32514702118971;9.50904474387546;6.43421490981974;6.3097820670835;85.4468744899625;85.5078060805259;NA;NA;147.395462706055;147.607888249795;116.619047619048;50.7083333333332;"Run"
"182";1;"2016-08-10 07:45:10";"2016-08-10 09:01:19";13.7713641960243;76.15;75.9833333333333;10.8507137460467;10.874514390368;5.5295901637678;5.51748775588037;90.330701754386;90.3323097170432;NA;NA;156.910087719298;156.906119763106;175;455.899999999965;"Run"
"183";1;"2016-08-15 12:12:07";"2016-08-15 12:39:37";0.804143315725465;27.5;14.5;1.75449450703738;3.32748958231227;34.1978842107152;18.0316116747407;NA;NA;NA;NA;NA;NA;NA;1.11538461538462;"Swim"
"184";1;"2016-08-17 04:39:12";"2016-08-17 06:00:22";9.15404442518623;81.1666666666667;50.6833333333333;6.76685008843335;10.8367510459291;8.8667547257414;5.53671480923606;88.501138952164;88.64584018415;NA;NA;NA;NA;NA;1.66265718972116;"Run"
"185";1;"2016-08-21 13:36:44";"2016-08-21 14:24:10";1.31293977277036;47.4333333333333;27;1.66078116021549;2.91764393948969;36.1275774541029;20.5645381151253;NA;NA;NA;NA;NA;NA;NA;1.32137030995106;"Swim"
"186";1;"2016-08-22 05:20:31";"2016-08-22 06:49:49";10.1723968453758;89.3;64.3833333333333;6.83475711895349;9.47984174044857;8.77865869346165;6.32921958433042;86.4495272169691;86.5234273880404;NA;NA;NA;NA;NA;2.58394648829432;"Run"
"187";1;"2016-08-26 05:16:45";"2016-08-26 06:54:49";15.4596294381925;98.0666666666667;96.5333333333333;9.45864479563105;9.60888570053403;6.34340344694136;6.24422038828762;87.6859404577526;87.717023480663;NA;NA;162.089485458613;162.097548342541;159.631578947368;62.9565217391304;"Run"
"188";1;"2016-09-01 19:42:25";"2016-09-01 20:35:19";10.0318580245437;52.9;52.7333333333333;11.3782888747188;11.414250596826;5.27320062450806;5.25658688593053;89.2894154818325;89.2948798988622;NA;NA;NA;NA;NA;316.400000000005;"Run"
"189";1;"2016-09-03 12:50:52";"2016-09-03 14:51:30";19.8448521005449;120.633333333333;120.466666666667;9.87033262806875;9.88398831792497;6.07882249371972;6.07042401003124;89.6635772582653;89.6678195904815;NA;NA;NA;NA;NA;722.800000000003;"Run"
"190";1;"2016-09-06 05:20:07";"2016-09-06 06:48:24";10.4047234605534;88.2833333333333;80.7666666666667;7.07136198942651;7.72946852207846;8.48492837585112;7.76250007728422;78.3521210914161;78.8439950474618;NA;NA;161.447321250747;161.777342137846;152.308571428571;10.7450110864745;"Run"
"191";1;"2016-09-09 18:35:46";"2016-09-09 19:48:37";14.2772599526179;72.85;72.1166666666667;11.7588963233641;11.878469107794;5.10251968807517;5.05115595751573;90.2219165520403;90.3071412063786;NA;NA;171.035534158643;171.165703720823;154.942857142857;98.3409090909098;"Run"
"192";1;"2016-09-11 16:39:11";"2016-09-11 19:11:43";24.1883742466741;152.533333333333;141.85;9.51465770192598;10.2312474783253;6.30605975324311;5.86438751746635;88.3285057471264;88.422982023264;NA;NA;153.893908045977;153.889672188932;154.084656084656;13.2776911076443;"Run"
"193";1;"2016-09-13 07:47:12";"2016-09-13 09:11:16";13.8252251844173;84.0666666666667;82.2833333333333;9.86732963201868;10.0811850645943;6.08067250589308;5.95168123742944;89.9800119928043;90.0753494024711;NA;NA;NA;NA;NA;46.1401869158879;"Run"
"194";1;"2016-09-17 12:15:53";"2016-09-17 14:09:48";21.594599781243;113.916666666667;110.083333333333;11.3738930815618;11.7699559746366;5.27523861616618;5.09772510018692;92.0208116545265;92.5064345193036;NA;NA;168.242753084585;168.299318697956;165.180327868852;28.7173913043478;"Run"
"195";1;"2016-09-24 07:29:15";"2016-09-24 13:59:40";45.0581980392898;390.416666666667;286.116666666667;6.92463235609149;9.44891436718374;8.66471993234686;6.34993584113548;69.0548343013324;75.8532067338498;NA;NA;162.697471814144;164.743869051086;157.075692110738;2.74320869287312;"Run"
"196";1;"2016-09-29 07:15:06";"2016-09-29 08:50:05";15.5622372799937;94.9833333333333;87.6;9.83050609018731;10.6590666301327;6.10344975625327;5.62901068939589;91.0108695652174;91.0732496194825;NA;NA;153.419602698651;153.414383561644;153.7625;11.8645598194131;"Run"
"197";1;"2016-10-05 05:09:37";"2016-10-05 06:09:40";8.33795382724755;60.05;56.3833333333333;8.33101131781603;8.87278562757646;7.20200678058002;6.76225060746662;85.9089865058857;86.0523204256577;NA;NA;157.737869652598;157.456990836536;167.24;15.3772727272728;"Run"
"198";1;"2016-10-09 13:40:13";"2016-10-09 15:32:11";19.8562390093786;111.966666666667;109.616666666667;10.6404376948144;10.8685510770508;5.63886577985801;5.52051506908695;89.6167834252497;89.6712786984948;NA;NA;NA;NA;NA;46.6453900709221;"Run"
"199";1;"2016-10-12 19:01:13";"2016-10-12 20:03:29";11.5429024951109;62.2666666666667;61.45;11.1227111837257;11.2705313215078;5.39436824429906;5.32361769719771;89.4773276093373;89.7830214266341;NA;NA;159.853233163402;159.985896392731;147.625;75.2448979591842;"Run"
"200";1;"2016-11-02 08:25:29";"2016-11-02 09:33:27";11.8243023305564;67.9666666666667;66.7166666666667;10.4383247645912;10.6338966749945;5.7480487868639;5.64233430451598;90.1081346768248;90.235073694729;NA;NA;166.895797493242;166.932050961779;164.69696969697;53.373333333333;"Run"
"201";1;"2016-11-03 08:31:18";"2016-11-03 09:33:19";11.2520093540823;62.0166666666667;60.65;10.8861149354196;11.1314189817797;5.51160816838164;5.39014838074195;91.0444504310345;91.2857928002198;NA;NA;NA;NA;NA;44.3780487804878;"Run"
"202";1;"2016-11-06 13:41:18";"2016-11-06 16:03:37";22.4538453306854;142.316666666667;116.2;9.46642969791163;11.5940681569804;6.33818682594099;5.17506014175671;89.7706434498708;91.0030120481928;NA;NA;177.244864644266;177.513339070568;172.306068601583;4.44926611359285;"Run"
"203";1;"2016-11-08 09:21:43";"2016-11-08 09:26:08";0.421288605934347;4.41666666666667;3.35;5.72316596741;7.54546756897338;10.4837078536013;7.95179350405232;38.05859375;36.8009950248756;NA;NA;NA;NA;NA;3.140625;"Run"
"204";1;"2016-11-09 20:13:36";"2016-11-09 21:05:16";9.01457131113772;51.6666666666667;50.4833333333333;10.4685344258374;10.7139177022436;5.73146130674359;5.6001923542343;89.4435457780654;89.5846814130076;NA;NA;NA;NA;NA;42.661971830986;"Run"
"205";1;"2016-11-13 14:45:21";"2016-11-13 16:48:24";19.0505764942207;123.05;112.55;9.28918805081872;10.1557937774611;6.45912211829018;5.90795769535603;87.3773610730906;87.5453872353028;NA;NA;168.958390364084;168.570857396713;173.690777576854;10.7190476190476;"Run"
"206";1;"2016-11-16 08:21:02";"2016-11-16 09:17:26";10.1323416739338;56.4;55.6666666666667;10.7790868871636;10.9210868341801;5.56633420141103;5.49395869761018;90.6035555555556;90.9562874251497;NA;NA;NA;NA;NA;75.9090909090908;"Run"
"207";1;"2016-11-19 14:33:28";"2016-11-19 14:53:08";2.56433390884662;19.6666666666667;19.45;7.82339158631172;7.91054162112068;7.66930804089874;7.58481566417697;84.1528608027327;84.1456726649529;NA;NA;NA;NA;NA;89.76923076923;"Run"
"208";1;"2016-11-20 09:24:56";"2016-11-20 14:45:22";42.8766945165301;320.433333333333;274.433333333333;8.02850828354875;9.37423176603355;7.47336838687035;6.40052449070047;80.7501691210907;84.9467387343617;NA;NA;163.532861528855;165.157718935989;153.807342784442;5.96594202898551;"Run"
"209";1;"2016-11-24 20:09:02";"2016-11-24 20:58:16";9.01222780614578;49.2333333333333;48.15;10.9830806032921;11.2301904126427;5.46294816246869;5.34274111082331;90.081494057725;90.3596400138456;NA;NA;168.629202037351;168.952578746971;151.946428571429;44.4461538461537;"Run"
"210";1;"2016-11-28 19:00:46";"2016-11-28 19:58:59";10.3975825306248;58.2166666666667;56.5666666666667;10.7160884942025;11.028667386638;5.59905790554647;5.44036717189371;89.8735865468252;89.938126104891;NA;NA;NA;NA;NA;34.2828282828282;"Run"
"211";1;"2016-12-04 13:00:55";"2016-12-04 14:28:14";15.2941222773969;87.3166666666667;84.45;10.5094178657433;10.8661614759481;5.70916493820056;5.52172909751141;89.7303893085415;89.7716597592264;NA;NA;NA;NA;NA;29.4593023255814;"Run"
"212";1;"2016-12-12 20:22:06";"2016-12-12 21:11:34";9.01642328400137;49.4666666666667;48.25;10.9363624738561;11.2121325811416;5.48628487245488;5.35134592512024;87.7793173369381;87.7374784110535;NA;NA;164.693477526191;164.605872193437;168.65625;39.6575342465753;"Run"
"213";1;"2017-01-03 20:09:08";"2017-01-03 21:05:53";10.0372141232363;56.75;55.0833333333333;10.6120325532014;10.9331227968686;5.6539592862349;5.48791055536163;90.3477620730271;90.5960665658094;NA;NA;172.651648998822;172.692889561271;171.153846153846;33.05;"Run"
"214";1;"2017-01-08 16:21:11";"2017-01-08 18:06:20";17.0877474410052;105.15;100.2;9.75049782653649;10.2321840964103;6.15353195984587;5.86385071209278;90.6653968253968;90.9088489687292;NA;NA;156.478412698413;156.329341317365;159.590277777778;20.2424242424242;"Run"
"215";1;"2017-01-15 14:40:18";"2017-01-15 16:50:51";21.2295065672954;130.55;129.383333333333;9.75695437792203;9.8449341288501;6.14945993144824;6.09450497227533;NA;NA;NA;NA;NA;NA;NA;110.9;"Run"
"216";1;"2017-01-17 20:27:29";"2017-01-17 21:21:28";9.51420819579436;53.9833333333333;53.8166666666667;10.5746062071194;10.6073550649922;5.67397015310176;5.65645249285754;NA;NA;NA;NA;NA;NA;NA;322.899999999991;"Run"
"217";1;"2017-01-20 08:01:10";"2017-01-20 09:09:03";11.9824637879641;67.8833333333333;67.7166666666667;10.5909328840341;10.6169996644526;5.66522332423148;5.6513141090971;NA;NA;NA;NA;NA;NA;NA;406.299999999969;"Run"
"218";1;"2017-01-21 16:48:15";"2017-01-21 19:13:33";24.1566491898239;145.3;139.05;9.97521645828929;10.4235810959326;6.0149070700256;5.7561791334278;89.643557503749;89.8410643653362;NA;NA;160.97335332795;160.928562867074;162.119631901841;22.2479999999999;"Run"
"219";1;"2017-01-24 08:11:56";"2017-01-24 09:15:41";11.1392380704423;63.75;62.2;10.483988772181;10.7452457271148;5.72301261512303;5.583864857422;91.0086477987421;91.4174705251876;NA;NA;154.220911949686;154.241961414791;153.285714285714;40.1290322580644;"Run"
"220";1;"2017-01-27 06:35:41";"2017-01-27 08:14:02";15.6873245350134;98.35;89.7166666666667;9.5703047493727;10.491244348142;6.26939283244171;5.7190546715868;90.6608727141046;91.1638491547464;NA;NA;NA;NA;NA;10.3918918918919;"Run"
"221";1;"2017-01-29 12:25:38";"2017-01-29 14:55:41";21.8883009838627;150.05;132.15;8.7524029259031;9.93793461242346;6.85526026486138;6.03747180274196;87.24854390681;87.5819144911086;NA;NA;161.683243727599;161.266237861017;164.992992992993;7.38268156424581;"Run"
"222";1;"2017-01-31 19:17:09";"2017-01-31 20:30:57";13.3910993815264;73.8;71.8833333333333;10.8870726679076;11.1773609491062;5.51112331387896;5.36799341751579;89.0396988364134;89.1258984465569;NA;NA;163.273328770249;163.285184326455;162.542857142857;37.5043478260871;"Run"
"223";1;"2017-02-01 20:03:05";"2017-02-01 21:07:23";11.7220554031882;64.3;62.9333333333333;10.9381543420108;11.1756884140565;5.48538611944382;5.36879678253496;90.0584567420109;90.291313559322;NA;NA;NA;NA;NA;46.0487804878049;"Run"
"224";1;"2017-02-05 13:33:38";"2017-02-05 15:57:19";25.2849286366067;143.683333333333;139.666666666667;10.5586060888277;10.8622605121461;5.68256827608022;5.52371211617588;93.4514359094093;93.6150357995227;NA;NA;163.242353490544;163.25;162.897849462366;34.7717842323652;"Run"
"225";1;"2017-02-07 19:53:08";"2017-02-07 20:50:06";9.5010295855684;56.9666666666667;54.85;10.0069357835126;10.3931043780147;5.9958414141975;5.77305854128846;89.2088139603667;89.3239137040413;NA;NA;NA;NA;NA;25.9133858267716;"Run"
"226";1;"2017-02-12 08:42:47";"2017-02-12 14:58:57";49.2898145622833;376.166666666667;307.533333333333;7.86191105113956;9.61648235552893;7.63173223529452;6.23928769187658;79.8349363946633;86.273249512248;NA;NA;153.132618235007;155.001680034685;144.739352640545;4.48081593006314;"Run"
"227";1;"2017-02-16 07:59:31";"2017-02-16 09:08:30";11.5186280984741;68.9833333333333;66.9333333333333;10.018618302611;10.3254634348871;5.98884977825369;5.81087719484581;91.0559322033898;91.3610557768924;NA;NA;NA;NA;NA;32.650406504065;"Run"
"228";1;"2017-02-17 09:12:37";"2017-02-17 10:23:20";11.8357428698763;70.7166666666667;65.9666666666667;10.0421103774581;10.7652032166636;5.97483972439541;5.57351299296654;92.3616290480864;92.5174330469934;NA;NA;NA;NA;NA;13.8877192982456;"Run"
"229";1;"2017-02-19 11:48:54";"2017-02-19 13:46:50";20.3862543628451;117.933333333333;114.066666666667;10.3717517956815;10.7233366023148;5.78494367990779;5.59527339532065;93.6168105278053;93.8290473407364;NA;NA;NA;NA;NA;29.5000000000001;"Run"
"230";1;"2017-02-23 20:20:28";"2017-02-23 21:10:14";10.0191180375832;49.7666666666667;49.2666666666667;12.0793117666777;12.2019028874491;4.96717041160554;4.91726581939249;92.63486731609;92.7625169147497;NA;NA;NA;NA;NA;98.5333333333333;"Run"
"231";1;"2017-02-25 13:36:49";"2017-02-25 15:33:48";20.9269700575411;116.983333333333;113.816666666667;10.7333084780094;11.0319361849682;5.59007505681301;5.43875517352558;92.6072758521913;92.7517938204715;NA;NA;164.346605557147;164.406648118319;161.666666666667;35.942105263158;"Run"
"232";1;"2017-03-01 08:43:00";"2017-03-01 09:45:38";10.4805439300763;62.6333333333333;56.1;10.0399037116218;11.2091378931297;5.97615293168064;5.35277561682731;93.0154338963308;93.2240047534165;NA;NA;NA;NA;NA;8.58673469387756;"Run"
"233";1;"2017-03-05 09:30:17";"2017-03-05 11:07:06";21.3200639698642;96.8166666666667;96.5666666666667;13.2126407800845;13.2468467883174;4.54110582423751;4.52937978062182;96.1153448275862;96.1278909216431;NA;NA;180.659482758621;180.662409389023;177.833333333333;386.266666666668;"Run"
"234";1;"2017-03-09 08:16:27";"2017-03-09 09:15:01";10.2156847023834;58.5666666666667;57.2;10.4656986137109;10.7157531843183;5.73301431797348;5.59923310736624;91.4319543509272;91.7762237762238;NA;NA;NA;NA;NA;41.8536585365851;"Run"
"235";1;"2017-03-13 08:17:53";"2017-03-13 09:36:04";12.2729755105945;78.1833333333333;73.1666666666667;9.41861262804097;10.0643990519682;6.37036497513113;5.96160781087736;86.8359675352414;90.1469248291572;NA;NA;NA;NA;NA;14.5847176079734;"Run"
"236";1;"2017-03-16 08:32:20";"2017-03-16 09:36:00";11.3887431926075;63.6666666666667;62.8666666666667;10.7328469877976;10.8694261647367;5.59031541847331;5.52007061740349;90.9110469692994;90.9992046659597;NA;NA;NA;NA;NA;78.5833333333328;"Run"
"237";1;"2017-03-18 12:19:29";"2017-03-18 14:54:35";24.305645525171;155.1;142.4;9.40257080277407;10.2411427774597;6.38123352203825;5.85872117045936;89.5174939864422;89.812734082397;NA;NA;NA;NA;NA;11.2125984251969;"Run"
"238";1;"2017-03-21 08:23:09";"2017-03-21 09:30:50";11.9735437374349;67.6833333333333;65.7;10.6143209689155;10.93474313921;5.65274030959801;5.48709734066372;90.7469550087;90.9342973110096;NA;NA;NA;NA;NA;33.126050420168;"Run"
"239";1;"2017-03-23 08:33:35";"2017-03-23 09:39:50";11.9719844012937;66.25;63.5166666666667;10.8425519106056;11.3091429663231;5.53375261605259;5.30544181629596;90.5364663585003;91.0640251902388;NA;NA;NA;NA;NA;23.2378048780488;"Run"
"240";1;"2017-03-25 11:57:21";"2017-03-25 14:08:13";20.8275494444725;130.866666666667;119.433333333333;9.54905476313052;10.4631842031958;6.28334442395949;5.7343920201342;89.2945576476657;89.5110242813285;NA;NA;NA;NA;NA;10.4460641399417;"Run"
"241";1;"2017-03-28 17:42:26";"2017-03-28 19:01:36";13.8281523337342;79.1666666666667;76.3;10.480283873988;10.8740385324253;5.72503576443378;5.51772920622691;90.4870280531533;90.5878112712975;NA;NA;NA;NA;NA;26.6162790697675;"Run"
"242";1;"2017-03-30 07:53:32";"2017-03-30 08:59:57";11.9213463875071;66.4166666666667;65.0833333333333;10.7695977402824;10.9902297042319;5.5712387265475;5.45939453630313;91.9796277665996;92.063252240717;NA;NA;NA;NA;NA;48.8124999999997;"Run"
"243";1;"2017-04-01 11:28:26";"2017-04-01 13:20:44";18.0821748851461;112.3;103.083333333333;9.6610017195794;10.5247905556226;6.21053610604389;5.70082603382034;89.4989467348781;90.5665319320938;NA;NA;NA;NA;NA;11.1844484629295;"Run"
"244";1;"2017-04-05 17:49:49";"2017-04-05 18:47:22";10.2143672180263;57.55;54.85;10.649209957977;11.1734190169841;5.63422077663663;5.36988722152075;90.3862170087977;90.59161349134;NA;NA;NA;NA;NA;20.3148148148148;"Run"
"245";1;"2017-04-08 07:43:57";"2017-04-08 14:48:44";44.8564104650182;424.783333333333;275.266666666667;6.33589977926259;9.7773721042665;9.46984676057852;6.13661824058206;70.1655066650938;80.7750666020828;NA;NA;NA;NA;NA;1.84104336194404;"Run"
"246";1;"2017-04-10 18:27:18";"2017-04-10 19:18:54";8.05352921989719;51.6;46.7;9.36456886034557;10.3471467493326;6.40712892336892;5.79870001397923;86.8421926910299;87.0892219842969;NA;NA;NA;NA;NA;9.53061224489796;"Run"
"247";1;"2017-04-13 08:33:24";"2017-04-13 09:43:05";11.9640909223039;69.6833333333333;68.6333333333333;10.3015372686664;10.4591372803045;5.82437343429304;5.73661081138932;90.3686481303931;90.4339485186984;NA;NA;NA;NA;NA;65.3650793650799;"Run"
"248";1;"2017-04-18 12:53:59";"2017-04-18 14:05:20";13.4112985260871;71.35;69.0833333333333;11.277896448006;11.6479311686161;5.32014106323955;5.15112934060451;90.9470672389127;91.1423401688782;NA;NA;NA;NA;NA;30.4779411764705;"Run"
"249";1;"2017-04-22 15:05:42";"2017-04-22 16:06:49";10.6840888837928;61.1166666666667;59.8833333333333;10.4888791877977;10.704903974855;5.72034427375248;5.60490781990528;89.1446145434664;89.16838296688;NA;NA;NA;NA;NA;48.5540540540541;"Run"
"250";1;"2017-04-23 11:59:23";"2017-04-23 13:57:06";20.7385709140699;117.716666666667;114.1;10.5704170027823;10.9054711204574;5.67621882695895;5.50182558252314;91.389326083846;91.4859772129711;NA;NA;161.231363571326;161.309669880222;157.482517482517;31.5483870967741;"Run"
"251";1;"2017-04-25 17:15:02";"2017-04-25 18:23:10";13.8723169884557;68.1333333333333;66.4;12.2163261150784;12.5352261943876;4.91146024056637;4.78651115421145;92.3108511697362;92.5150602409638;NA;NA;NA;NA;NA;38.3076923076922;"Run"
"252";1;"2017-04-30 11:36:35";"2017-04-30 13:52:11";24.0698286683309;135.6;132.783333333333;10.650366667403;10.8762875870455;5.63360885814744;5.51658822183636;91.7405063291139;91.7679176603489;NA;NA;157.848721767188;157.816744069286;160.648351648352;47.1420118343197;"Run"
"253";1;"2017-05-01 07:18:05";"2017-05-01 09:42:55";46.5252375944728;144.833333333333;116.083333333333;19.2739764488035;24.047502561393;3.11300577539747;2.49506159098313;NA;NA;NA;NA;NA;NA;NA;4.03768115942029;"Ride"
"254";1;"2017-05-04 18:39:17";"2017-05-04 19:44:00";13.2528585394094;64.7166666666667;63.65;12.2869664542554;12.4928752924519;4.88322322872622;4.80273744797977;92.1006711409396;92.1982194291699;NA;NA;NA;NA;NA;59.6718749999996;"Run"
"255";1;"2017-05-06 11:45:27";"2017-05-06 14:01:25";24.404776144149;135.966666666667;132.85;10.7694525764815;11.0221043932927;5.5713138224898;5.44360657992966;90.9704324257731;91.0263455024464;NA;NA;NA;NA;NA;42.6256684491981;"Run"
"256";1;"2017-05-07 07:31:28";"2017-05-07 10:19:58";57.8662151730293;168.5;155.666666666667;20.6051804770431;22.3038944992404;2.91188907890654;2.69011315499378;NA;NA;NA;NA;NA;NA;NA;12.1298701298701;"Ride"
"257";1;"2017-05-11 18:53:45";"2017-05-11 20:03:29";12.3047038837229;69.7333333333333;68.0333333333333;10.5872213148667;10.8517721659487;5.66720938531313;5.52905083911286;88.3992814371258;88.4497795198432;NA;NA;NA;NA;NA;40.0196078431373;"Run"
"258";1;"2017-05-12 17:08:41";"2017-05-12 18:05:07";24.1604389624679;56.4333333333333;54.8833333333333;25.6874129547798;26.4128698040949;2.3357743384133;2.27161987489515;NA;NA;NA;NA;NA;NA;NA;35.4086021505377;"Ride"
"259";1;"2017-05-13 11:18:25";"2017-05-13 13:46:50";26.3423663754061;148.416666666667;141.483333333333;10.6493564235219;11.1712238133422;5.63414328658157;5.37094243231791;90.4356186333982;90.661326422429;NA;NA;159.867116859334;159.831664507009;161.08064516129;20.40625;"Run"
"260";1;"2017-05-14 07:40:46";"2017-05-14 11:05:53";73.3476430439133;205.116666666667;192.25;21.4553924561703;22.8913320293097;2.79649976678682;2.62107945152239;NA;NA;NA;NA;NA;NA;NA;14.9417098445596;"Ride"
"261";1;"2017-05-18 07:13:08";"2017-05-18 08:31:07";14.2053290424015;77.9833333333333;76.8;10.929511552179;11.0979133143762;5.48972382832955;5.40642175698709;90.9226980728051;90.96875;NA;NA;NA;NA;NA;64.9014084507043;"Run"
"262";1;"2017-05-19 07:39:53";"2017-05-19 08:50:24";27.5172210048211;70.5166666666667;67.2333333333333;23.4133764162978;24.5567663900238;2.56263765350113;2.4433184339928;NA;NA;NA;NA;NA;NA;NA;20.477157360406;"Ride"
"263";1;"2017-05-20 12:24:15";"2017-05-20 15:02:18";26.352261758342;158.05;149.733333333333;10.0040221796933;10.5596774632715;5.99758766246955;5.68199172831662;90.0090702947846;90.1298975957257;NA;NA;NA;NA;NA;18.0040080160321;"Run"
"264";1;"2017-05-21 07:28:30";"2017-05-21 11:19:58";82.8801214590653;231.466666666667;212.366666666667;21.4839024519466;23.4161385381129;2.79278870001402;2.56233536978533;NA;NA;NA;NA;NA;NA;NA;11.1186736474695;"Ride"
"265";1;"2017-05-24 18:24:04";"2017-05-24 19:36:59";14.418158510436;72.9166666666667;70.4666666666667;11.8640847171588;12.2765777288481;5.0572801383678;4.88735552571864;90.5064357594196;90.5726111636708;NA;NA;NA;NA;NA;28.7619047619048;"Run"
"266";1;"2017-05-25 18:36:49";"2017-05-25 20:11:37";43.2943973667389;94.8;91.5333333333333;27.4015173207208;28.3794301748471;2.18965976583452;2.11420735477552;NA;NA;NA;NA;NA;NA;NA;28.0204081632653;"Ride"
"267";1;"2017-05-27 07:57:54";"2017-05-27 09:30:42";14.851528749962;92.8;81.2;9.60228151937197;10.9740360221394;6.24851498875074;5.4674506151569;87.7036027263875;88.7477422003284;NA;NA;NA;NA;NA;7;"Run"
"268";1;"2017-05-28 08:18:10";"2017-05-28 09:08:53";7.48753811894322;50.7166666666667;45.6333333333333;8.85807993039618;9.84482732950898;6.77347692405802;6.0945710871084;86.062436719541;86.9985390796202;NA;NA;NA;NA;NA;8.97704918032786;"Run"
"269";1;"2017-05-31 19:32:48";"2017-05-31 20:32:28";27.6734246119408;59.6666666666667;57.0333333333333;27.8280247494377;29.112895559026;2.1560998504291;2.06094237099676;NA;NA;NA;NA;NA;NA;NA;21.6582278481013;"Ride"
"270";1;"2017-06-02 07:03:30";"2017-06-02 08:16:36";13.3677604131839;73.1;72.2666666666667;10.9721699697816;11.0986940699866;5.46838047216237;5.40604143349203;90.0845327850126;90.1605166051661;NA;NA;NA;NA;NA;86.7200000000003;"Run"
"271";1;"2017-06-03 12:05:10";"2017-06-03 15:08:10";31.1000537316258;183;176.083333333333;10.1967389284019;10.597273396484;5.88423420676943;5.66183373356275;89.616573556797;89.6620918125887;NA;NA;NA;NA;NA;25.4578313253012;"Run"
"272";1;"2017-06-04 07:51:19";"2017-06-04 11:46:43";90.5618348638228;235.4;225.45;23.0828805940075;24.1016193915696;2.59932895964364;2.48945927761962;NA;NA;NA;NA;NA;NA;NA;22.6582914572864;"Ride"
"273";1;"2017-06-04 12:00:30";"2017-06-04 12:17:09";3.04802080276313;16.65;16.4666666666667;10.983858748696;11.1061486740357;5.46256114292469;5.40241282203163;91.030303030303;91.0334008097166;NA;NA;NA;NA;NA;89.8181818181817;"Run"
"274";1;"2017-06-07 19:21:47";"2017-06-07 20:34:00";13.832086192429;72.2166666666667;71.7;11.4921556179886;11.5749675250452;5.22095262146317;5.18359985634308;89.2597132284921;89.2638307763831;NA;NA;NA;NA;NA;138.774193548387;"Run"
"275";1;"2017-06-09 08:17:34";"2017-06-09 09:32:54";32.1574157997897;75.3333333333333;72.6666666666667;25.6121010794785;26.5519946970741;2.34264263653381;2.25971723347067;NA;NA;NA;NA;NA;NA;NA;27.25;"Ride"
"276";1;"2017-06-10 12:18:18";"2017-06-10 15:18:15";30.4058031627179;179.95;171.216666666667;10.1380838553102;10.6552021206838;5.91827813384802;5.63105226164867;89.6682185273159;89.7712450111944;NA;NA;NA;NA;NA;19.6049618320611;"Run"
"277";1;"2017-06-11 07:52:08";"2017-06-11 12:01:21";95.0657467905251;249.216666666667;236;22.8874933756364;24.1692576586081;2.62151905476332;2.48249246408404;NA;NA;NA;NA;NA;NA;NA;17.8562421185372;"Ride"
"278";1;"2017-06-11 12:15:47";"2017-06-11 12:28:52";2.59576957189238;13.0833333333333;12.85;11.9041661895701;12.1203248493029;5.04025221460442;4.95036236619109;91.9110824742268;92.2684824902724;NA;NA;NA;NA;NA;55.0714285714283;"Run"
"279";1;"2017-06-14 19:02:24";"2017-06-14 20:01:00";12.1971783063073;58.6;58.2333333333333;12.4885784706218;12.5672129086166;4.80438987841124;4.77432828076476;91.9133162246935;91.937607326846;NA;NA;NA;NA;NA;158.818181818182;"Run"
"280";1;"2017-06-15 18:51:40";"2017-06-15 19:45:49";23.3354490371168;54.15;53.2166666666667;25.8564532267222;26.3099331455122;2.32050387862133;2.28050750521327;NA;NA;NA;NA;NA;NA;NA;57.0178571428573;"Ride"
"281";1;"2017-06-17 12:55:52";"2017-06-17 14:45:39";18.7201625898219;109.783333333333;106.733333333333;10.2311500414998;10.5235142603621;5.8644433672292;5.70151743187123;88.8634906092533;88.9676764522174;NA;NA;159.103832646206;159.107745159275;158.931034482759;34.9945355191257;"Run"
"282";1;"2017-06-18 08:02:44";"2017-06-18 10:09:28";50.8115219753123;126.733333333333;119.966666666667;24.0559546437565;25.4128201043518;2.49418494873877;2.36101305379033;NA;NA;NA;NA;NA;NA;NA;17.7290640394089;"Ride"
"283";1;"2017-06-20 18:06:45";"2017-06-20 18:54:14";8.92767304068103;47.4833333333333;45.3833333333333;11.2810189352235;11.8030198114035;5.31866849479864;5.083444826724;88.6836403033586;88.6786632390746;NA;NA;NA;NA;NA;21.6111111111111;"Run"
"284";1;"2017-06-21 19:17:24";"2017-06-21 20:01:34";18.938693633469;44.1666666666667;41.9666666666667;25.7280366341466;27.076766116159;2.33208623157693;2.21592193626819;NA;NA;NA;NA;NA;NA;NA;19.0757575757576;"Ride"
"285";1;"2017-06-22 18:09:36";"2017-06-22 18:47:58";2.50105046846545;38.3666666666667;36.2833333333333;3.9112865710146;4.13586664514268;15.3402208993435;14.507237575096;NA;NA;NA;NA;NA;NA;NA;17.416;"Swim"
"286";1;"2017-06-24 11:38:54";"2017-06-24 12:25:19";8.08244979648473;46.4166666666667;42.6;10.4476909398007;11.383732107725;5.74289576000268;5.27067919661287;89.2201520912547;89.3262910798122;NA;NA;NA;NA;NA;11.1615720524018;"Run"
"287";1;"2017-07-08 15:48:30";"2017-07-08 17:15:54";14.8028998093952;87.4;83.0333333333333;10.1621737821935;10.6965956069496;5.90424856787372;5.60926132058483;87.5862203191903;87.6631874749097;NA;NA;NA;NA;NA;19.0152671755725;"Run"
"288";1;"2017-07-09 15:14:48";"2017-07-09 18:34:21";68.026405108052;199.55;171.933333333333;20.4539429039495;23.7393426123485;2.93341974609768;2.52744993742117;NA;NA;NA;NA;NA;NA;NA;6.22570911285456;"Ride"
"289";1;"2017-07-14 14:36:39";"2017-07-14 15:11:34";1.6201508043855;34.9166666666667;26.3666666666667;2.78403002185575;3.68681598975209;21.5514917328391;16.2742052130556;NA;NA;NA;NA;NA;NA;NA;3.08382066276803;"Swim"
"290";1;"2017-07-14 16:49:12";"2017-07-14 17:09:15";0.998039581386257;20.05;19.6833333333333;2.98665211387409;3.0422883090521;20.0893836015511;19.7219967027696;NA;NA;NA;NA;NA;NA;NA;53.6818181818181;"Swim"
"291";1;"2017-07-16 13:42:58";"2017-07-16 14:11:20";4.19018534530292;28.3666666666667;25.1166666666667;8.86290672331993;10.0097327425949;6.76978804731512;5.99416603249347;79.9740106320142;83.7743861977439;NA;NA;NA;NA;NA;7.72820512820513;"Run"
"292";1;"2017-07-16 15:55:21";"2017-07-16 16:18:44";3.59808049160225;23.3833333333333;22.3333333333333;9.23242321437498;9.66648490281201;6.49883552852943;6.20701326317137;85.0430416068867;85.3932835820896;NA;NA;NA;NA;NA;21.2698412698413;"Run"
"293";1;"2017-07-23 12:19:08";"2017-07-23 12:43:38";1.18093672441729;24.5;19.9166666666667;2.89208993734846;3.55763364678012;20.746242786284;16.8651429453125;NA;NA;NA;NA;NA;NA;NA;4.34545454545455;"Swim"
"296";1;"2017-07-27 13:10:13";"2017-07-27 13:51:30";2.06093092351238;41.2833333333333;31.65;2.995297264693;3.9069780540519;20.0314007919176;15.3571377084584;NA;NA;NA;NA;NA;NA;NA;3.28546712802768;"Swim"
"298";1;"2017-07-31 15:54:57";"2017-07-31 16:19:52";1.21882761729415;24.9166666666667;24.6833333333333;2.93496951321668;2.96271399207221;20.4431425027788;20.2517017034217;NA;NA;NA;NA;NA;NA;NA;105.785714285714;"Swim"
"299";1;"2017-08-01 12:52:32";"2017-08-01 13:44:31";2.44258422284907;51.9833333333333;36.4666666666667;2.81927002316661;4.01887714911182;21.2821047671794;14.929543196726;NA;NA;NA;NA;NA;NA;NA;2.35016111707841;"Swim"
"300";1;"2017-08-03 13:44:13";"2017-08-03 14:26:19";2.07410300911376;42.1;36.6;2.95596628377258;3.40016886739961;20.297931112876;17.6461823926666;NA;NA;NA;NA;NA;NA;NA;6.65454545454546;"Swim"
"301";1;"2017-08-14 07:17:26";"2017-08-14 08:23:33";11.7894544132808;66.1166666666667;65.1166666666667;10.6987738562669;10.863075476788;5.60811928601092;5.5232977187912;90.9570490146539;91.0076785257231;NA;NA;NA;NA;NA;65.1166666666669;"Run"
"302";1;"2017-08-17 07:46:22";"2017-08-17 08:56:31";11.2889632731959;70.15;68.5833333333333;9.6555637404384;9.87612825844599;6.21403385787972;6.0752552447553;89.6728571428571;89.6748481166464;NA;NA;NA;NA;NA;43.7765957446807;"Run"
"303";1;"2017-08-20 11:52:23";"2017-08-20 13:46:35";19.1233429292565;114.2;110.383333333333;10.047290505739;10.3946904039444;5.97175924849871;5.772177685757;89.5307987032125;89.5870451457044;NA;NA;NA;NA;NA;28.9213973799127;"Run"
"304";1;"2017-08-22 17:41:41";"2017-08-22 18:52:57";11.5217968016478;71.2666666666667;67.9333333333333;9.70029665246311;10.1762680289333;6.18537784458012;5.89607111658292;87.2538516236075;87.3343964671246;NA;NA;NA;NA;NA;20.38;"Run"
"305";1;"2017-08-26 12:10:54";"2017-08-26 12:59:34";2.16962269068813;48.6666666666667;32.7833333333333;2.67487728988948;3.97083969825992;22.4309355149818;15.1101541636881;NA;NA;NA;NA;NA;NA;NA;2.06400839454355;"Swim"
"306";1;"2017-09-03 11:25:59";"2017-09-03 13:24:51";20.0839806935109;118.866666666667;111.966666666667;10.1377356276836;10.7624784901219;5.91848142460486;5.57492403400104;89.5185718399079;89.7348913367073;NA;NA;NA;NA;NA;16.2270531400966;"Run"
"307";1;"2017-09-09 09:49:43";"2017-09-09 10:40:28";2.35252334160126;50.75;39.8333333333333;2.78130838415913;3.54354980324876;21.5725808550136;16.9321734789762;NA;NA;NA;NA;NA;NA;NA;3.64885496183206;"Swim"
"308";1;"2017-09-12 17:23:40";"2017-09-12 18:31:42";12.0956704682544;68.0333333333333;67.55;10.6674212850847;10.743748750485;5.6246020848443;5.58464288335961;88.1397004664866;88.1477917591907;NA;NA;NA;NA;NA;139.758620689653;"Run"
"309";1;"2017-09-15 07:53:56";"2017-09-15 08:53:37";11.3851451755541;59.6833333333333;58.7666666666667;11.44555225691;11.6240846942696;5.24221100504576;5.16169673381495;91.7024076147816;91.7495745887691;NA;NA;NA;NA;NA;64.1090909090911;"Run"
"310";1;"2017-09-17 11:46:24";"2017-09-17 13:40:56";20.5961665779884;114.533333333333;109.9;10.789609965186;11.2444949470365;5.56090537040701;5.33594441392082;90.6371407516581;91.1875947831362;NA;NA;NA;NA;NA;23.7194244604316;"Run"
"311";1;"2017-09-19 05:45:33";"2017-09-19 07:02:14";13.5065089338578;76.6833333333333;75.4666666666667;10.568013945205;10.7383904951166;5.67750954068563;5.58742951537156;90.1879355400697;90.2455830388693;NA;NA;NA;NA;NA;62.0273972602745;"Run"
"312";1;"2017-09-23 11:32:09";"2017-09-23 13:39:03";19.8324645213368;126.9;117.333333333333;9.37705178313798;10.1416011756836;6.3985996225267;5.91622555064197;87.6894319682959;87.8362215909091;NA;NA;NA;NA;NA;12.2648083623693;"Run"
"313";1;"2017-09-30 12:20:41";"2017-09-30 14:36:51";24.127534840452;136.166666666667;132.4;10.6314719003216;10.9339281754314;5.64362118082493;5.48750632319134;90.4870844147819;90.5353726082578;NA;NA;NA;NA;NA;35.1504424778761;"Run"
"314";1;"2017-10-03 07:33:59";"2017-10-03 08:43:29";12.9114768742878;69.5;68.3;11.1465987403923;11.3424394210435;5.38280792171838;5.28986735328583;91.0204277817832;91.086383601757;NA;NA;NA;NA;NA;56.9166666666666;"Run"
"315";1;"2017-10-08 12:06:45";"2017-10-08 14:08:18";20.2523322794818;121.55;115.1;9.99703773565537;10.5572540118932;6.00177788526339;5.68329604766611;89.0071000974523;89.1032435563278;NA;NA;NA;NA;NA;17.8449612403101;"Run"
"316";1;"2017-10-10 07:20:14";"2017-10-10 08:36:56";13.0717053963387;76.7;70.85;10.2255844039155;11.0698987124957;5.86763529887104;5.42010379302494;90.5449686265396;90.600799811809;NA;NA;NA;NA;NA;12.1111111111111;"Run"
"317";1;"2017-10-13 06:10:56";"2017-10-13 07:17:10";11.913793671133;66.2333333333333;60.9;10.7925659829086;11.7377277548109;5.55938227248436;5.11172189825311;91.2871046228711;91.3571428571429;NA;NA;NA;NA;NA;11.41875;"Run"
"318";1;"2017-10-14 15:22:14";"2017-10-14 17:27:58";20.5599269669741;125.733333333333;117.4;9.81120586971191;10.5076287735813;6.11545622391081;5.71013701500898;90.2140540540541;90.2876206700738;NA;NA;NA;NA;NA;14.088;"Run"
"319";1;"2017-10-17 20:01:58";"2017-10-17 21:02:56";12.6887579093055;60.9666666666667;60.4166666666667;12.4875692929196;12.6012492340689;4.80477814317474;4.76143268698973;92.2729514935599;92.2993103448276;NA;NA;NA;NA;NA;109.848484848484;"Run"
"320";1;"2017-10-21 13:01:24";"2017-10-21 15:27:22";23.4463979678604;145.966666666667;136.083333333333;9.6377064037791;10.337664750067;6.22554760295178;5.80401874607231;90.344612541864;90.5996325780771;NA;NA;NA;NA;NA;13.7689713322091;"Run"
"321";1;"2017-10-24 07:47:17";"2017-10-24 09:11:13";14.2181012287322;83.9333333333333;76.3666666666667;10.1638531420643;11.1709219605927;5.90327301677383;5.37108756212424;91.6683275563258;91.7040593627237;NA;NA;NA;NA;NA;10.0925110132159;"Run"
"322";1;"2017-10-25 18:14:37";"2017-10-25 19:24:43";12.7654215753653;70.1;68.6;10.9261810916108;11.1650917568793;5.49139717682955;5.37389224437242;90.8558494162497;90.9086491739553;NA;NA;NA;NA;NA;45.7333333333335;"Run"
"323";1;"2017-11-01 08:34:01";"2017-11-01 09:40:17";11.7993936515371;66.2666666666667;64.7666666666667;10.683555620104;10.9309874280838;5.61610779533863;5.48898261888479;91.5514089870526;91.6031909418425;NA;NA;NA;NA;NA;43.1777777777779;"Run"
"324";1;"2017-11-04 11:55:24";"2017-11-04 14:32:45";24.6261489483109;157.35;147.716666666667;9.3903332500709;10.0027232555477;6.38954959341267;5.99836649151747;88.1428263679448;88.3010267403814;NA;NA;NA;NA;NA;15.3339100346021;"Run"
"325";1;"2017-11-07 20:31:07";"2017-11-07 21:42:50";13.413785786886;71.7166666666667;70.7666666666667;11.2223167168928;11.3729695790838;5.34648963432684;5.2756669735886;89.5987424312995;89.6116344795101;NA;NA;NA;NA;NA;74.4912280701753;"Run"
"326";1;"2017-11-08 20:42:06";"2017-11-08 21:40:05";11.0291304901924;57.9833333333333;57.0666666666667;11.4127248533178;11.5960484125855;5.25728962812569;5.17417639744247;90.3729106628242;90.3995327102804;NA;NA;NA;NA;NA;62.2545454545451;"Run"
"327";1;"2017-11-13 19:51:17";"2017-11-13 21:47:53";21.8183463591393;116.6;114;11.2272794300888;11.4833401890207;5.34412636414851;5.22496059616578;90.4416930607544;90.4874269005848;NA;NA;NA;NA;NA;43.8461538461537;"Run"
"328";1;"2017-11-19 12:50:38";"2017-11-19 15:17:41";23.5188421568825;147.05;137.8;9.59626337581061;10.2404247417485;6.25243364529183;5.85913197090251;89.2618173474071;89.5292694726657;NA;NA;NA;NA;NA;14.8972972972973;"Run"
"329";1;"2017-11-26 12:43:41";"2017-11-26 16:01:40";33.1935832271417;197.983333333333;184.483333333333;10.0595083439439;10.7956364276547;5.96450621129227;5.55780109881253;92.0663781912592;92.3100551088626;NA;NA;NA;NA;NA;13.6654320987655;"Run"
"330";1;"2017-11-28 07:38:57";"2017-11-28 08:50:41";12.8993532819578;71.7333333333333;70.6833333333333;10.7894218901134;10.9496986123669;5.56100230495013;5.47960287530053;91.9383003492433;91.9236029238387;NA;NA;NA;NA;NA;67.3174603174609;"Run"
"331";1;"2017-12-02 12:49:04";"2017-12-02 15:19:20";23.9224795456813;150.266666666667;141.366666666667;9.55201046633237;10.1533749545452;6.28140015251028;5.90936513904084;89.7641834129011;90.0048337656213;NA;NA;NA;NA;NA;15.8838951310862;"Run"
"332";1;"2017-12-17 12:39:17";"2017-12-17 14:45:56";21.5308709234337;126.65;114.983333333333;10.2001757236954;11.2351261522483;5.88225160284423;5.34039397394688;91.0476947535771;91.2013335265981;NA;NA;NA;NA;NA;9.85571428571429;"Run"
"333";1;"2017-12-20 07:55:16";"2017-12-20 09:02:47";11.5953142588472;67.5166666666667;63.9;10.3044017111454;10.8876190223917;5.82275436089641;5.5108467587452;91.1039678553491;91.121804903495;NA;NA;NA;NA;NA;17.6682027649769;"Run"
"334";1;"2017-12-23 13:33:50";"2017-12-23 15:55:56";21.6033355362932;142.1;122.55;9.12174617999713;10.5769084633014;6.57768795755057;5.67273511047025;87.1886058032555;87.3999728002176;NA;NA;NA;NA;NA;6.26854219948849;"Run"
"335";1;"2017-08-19 08:04:43";"2017-08-19 08:37:43";11.3033571390074;33;28.2833333333333;20.551558434559;23.9788365942409;2.91948662633319;2.50220646711486;NA;NA;NA;NA;NA;NA;NA;5.9964664310954;"Ride"
"336";1;"2017-08-19 17:55:22";"2017-08-19 18:23:04";10.2668548524377;27.7;24.9166666666667;22.2386747706232;24.7228611831276;2.69800249425199;2.42690356733256;NA;NA;NA;NA;NA;NA;NA;8.95209580838324;"Ride"
"337";1;"2017-08-20 08:06:51";"2017-08-20 08:32:16";10.3552080318064;25.4166666666667;22.8166666666667;24.4450812554119;27.2306420120549;2.45448151196947;2.20340012451554;NA;NA;NA;NA;NA;NA;NA;8.77564102564102;"Ride"
"338";1;"2017-08-20 16:52:53";"2017-08-20 17:23:47";10.6734026361755;30.9;27.6166666666667;20.7250536624766;23.1890461618779;2.89504678623013;2.58742854626933;NA;NA;NA;NA;NA;NA;NA;8.41116751269036;"Ride"
"339";1;"2017-08-24 16:20:39";"2017-08-24 16:55:02";6.56969801513545;34.3833333333333;24.3666666666667;11.4643300312591;16.1770949757097;5.23362462842586;3.70894774927707;NA;NA;NA;NA;NA;NA;NA;2.43261231281198;"Ride"
"340";1;"2017-08-29 09:00:50";"2017-08-29 09:38:59";7.22825982610968;38.15;24.8166666666667;11.3681674853625;17.4759807750133;5.27789549874727;3.43328370364119;NA;NA;NA;NA;NA;NA;NA;1.86125;"Ride"
"341";1;"2017-09-01 05:20:09";"2017-09-01 05:48:34";10.6326653732281;28.4166666666667;24.7833333333333;22.4502025475784;25.7414898074116;2.67258167817609;2.33086742255005;NA;NA;NA;NA;NA;NA;NA;6.82110091743119;"Ride"
"342";1;"2017-09-01 19:41:47";"2017-09-01 20:13:29";10.9077605769288;31.7;26.6166666666667;20.6456036156381;24.588564857197;2.90618773454281;2.44015868142211;NA;NA;NA;NA;NA;NA;NA;5.23606557377049;"Ride"
"343";1;"2017-09-02 07:22:34";"2017-09-02 07:51:50";11.143812060924;29.2666666666667;27.1666666666667;22.8460839517804;24.6121002572554;2.62627066094293;2.43782527183199;NA;NA;NA;NA;NA;NA;NA;12.936507936508;"Ride"
"344";1;"2017-09-02 16:19:34";"2017-09-02 16:50:26";10.6464297012065;30.8666666666667;27.3666666666667;20.6950037388464;23.3417459953371;2.89925050302719;2.57050179588048;NA;NA;NA;NA;NA;NA;NA;7.81904761904762;"Ride"
"345";1;"2017-09-21 08:50:15";"2017-09-21 09:24:32";10.8083537921445;34.2833333333333;26.2333333333333;18.9159327426934;24.7205042259976;3.17192923109627;2.42713495855397;NA;NA;NA;NA;NA;NA;NA;3.25879917184265;"Ride"
"346";1;"2017-09-21 18:57:22";"2017-09-21 19:42:16";11.4300536494458;44.9;31.4333333333333;15.274013785451;21.8177057995785;3.92824052949016;2.75005999948717;NA;NA;NA;NA;NA;NA;NA;2.33415841584158;"Ride"
"347";1;"2017-09-22 09:08:43";"2017-09-22 09:42:17";10.8539854249162;33.5666666666667;27.6666666666667;19.4013642153419;23.5387635721075;3.09256603474071;2.54898690053107;NA;NA;NA;NA;NA;NA;NA;4.68926553672316;"Ride"
"348";1;"2017-09-22 18:47:48";"2017-09-22 19:33:35";11.2148234394653;45.7833333333333;33.3666666666667;14.6972567826994;20.1665156753622;4.08239448266482;2.97522888762103;NA;NA;NA;NA;NA;NA;NA;2.68724832214765;"Ride"
"349";1;"2017-10-10 10:49:27";"2017-10-10 11:24:24";8.88898444266758;34.95;27.45;15.2600591290431;19.4294741916231;3.93183273358408;3.08809180363041;NA;NA;NA;NA;NA;NA;NA;3.66;"Ride"
"350";1;"2017-10-27 06:11:53";"2017-10-27 06:44:38";10.676203790306;32.75;27.0833333333333;19.5594573257514;23.6518976277548;3.06756976948464;2.53679433863234;NA;NA;NA;NA;NA;NA;NA;4.77941176470588;"Ride"
"351";1;"2017-10-27 18:10:30";"2017-10-27 18:41:09";10.8473787202071;30.65;27.9166666666667;21.234672861743;23.3137691896988;2.82556742882993;2.57358642919529;NA;NA;NA;NA;NA;NA;NA;10.2134146341464;"Ride"
"352";1;"2017-11-01 16:26:44";"2017-11-01 18:41:54";21.674258171379;135.166666666667;56.1666666666667;9.62112569876256;23.1535102127491;6.23627648973727;2.59139972508195;NA;NA;NA;NA;NA;NA;NA;0.710970464135021;"Ride"
"353";1;"2017-11-03 08:16:33";"2017-11-03 08:46:29";10.775394758776;29.9333333333333;26.1;21.5987868216;24.7710224339678;2.77793380228174;2.42218504141047;NA;NA;NA;NA;NA;NA;NA;6.80869565217391;"Ride"
"354";1;"2017-11-03 20:06:34";"2017-11-03 20:39:53";10.511622489456;33.3166666666667;28.2166666666667;18.9303856738578;22.3519438641711;3.16950753321724;2.6843302920144;NA;NA;NA;NA;NA;NA;NA;5.53267973856209;"Ride"
"355";1;"2017-11-07 18:10:18";"2017-11-07 18:46:25";6.85632490082457;36.1166666666667;21.8166666666667;11.3902951744201;18.8562029358048;5.26764224115505;3.18197678526625;NA;NA;NA;NA;NA;NA;NA;1.52564102564103;"Ride"
"356";1;"2017-11-10 08:13:38";"2017-11-10 08:54:12";10.917581291308;40.5666666666667;30.3833333333333;16.1476140709568;21.5596778105918;3.7157192224402;2.78297294269042;NA;NA;NA;NA;NA;NA;NA;2.98363338788871;"Ride"
"357";1;"2017-11-10 20:07:14";"2017-11-10 20:39:47";12.0038451248672;32.55;28.8666666666667;22.1269034559765;24.9502554558442;2.71163111997915;2.40478499733942;NA;NA;NA;NA;NA;NA;NA;7.8371040723982;"Ride"
"358";1;"2017-11-17 08:21:20";"2017-11-17 08:51:21";10.5677118987514;30.0166666666667;26.7833333333333;21.1236884150499;23.6737789891132;2.84041303872159;2.53444961311804;NA;NA;NA;NA;NA;NA;NA;8.28350515463917;"Ride"
"359";1;"2017-11-17 20:32:07";"2017-11-17 21:07:44";11.0611254694176;35.6166666666667;28.6833333333333;18.6336226906427;23.13774066816;3.21998577496852;2.59316589551746;NA;NA;NA;NA;NA;NA;NA;4.13701923076923;"Ride"
"360";1;"2017-11-24 06:18:44";"2017-11-24 06:57:33";10.9717814603295;38.8166666666667;27.15;16.9593874011104;24.2470308515568;3.53786363746085;2.47452978335067;NA;NA;NA;NA;NA;NA;NA;2.32714285714286;"Ride"
"361";1;"2017-11-24 16:53:29";"2017-11-24 17:27:17";10.201322841772;33.8;26.8833333333333;18.1088571155716;22.7679865036449;3.3132957876401;2.63527914470586;NA;NA;NA;NA;NA;NA;NA;3.88674698795181;"Ride"
"362";1;"2017-11-25 09:15:02";"2017-11-25 09:46:04";10.4879804885988;31.0333333333333;26.0166666666667;20.2775132969686;24.1875270717204;2.95894270275091;2.48061737862201;NA;NA;NA;NA;NA;NA;NA;5.1860465116279;"Ride"
"363";1;"2017-11-25 18:32:55";"2017-11-25 19:09:38";11.2537547141764;36.7166666666667;31.0333333333333;18.390157499335;21.7580649683324;3.26261479827835;2.75759816359251;NA;NA;NA;NA;NA;NA;NA;5.46041055718475;"Ride"
"364";1;"2017-12-08 08:04:44";"2017-12-08 08:48:56";13.466257694053;44.2;36.6166666666667;18.2799878199815;22.0657841140605;3.28227789815129;2.71914198425278;NA;NA;NA;NA;NA;NA;NA;4.82857142857143;"Ride"
"365";1;"2017-12-08 20:02:06";"2017-12-08 20:33:54";10.8168318596517;31.8;27.3;20.409116716324;23.7732568343994;2.93986265226313;2.52384435241457;NA;NA;NA;NA;NA;NA;NA;6.06666666666667;"Ride"
"366";1;"2017-12-22 08:01:11";"2017-12-22 08:31:06";10.5892028405982;29.9166666666667;26.6;21.2373984546816;23.8854199411989;2.82520479747244;2.51199267786407;NA;NA;NA;NA;NA;NA;NA;8.02010050251255;"Ride"
"367";1;"2017-12-22 19:41:06";"2017-12-22 20:11:58";10.7955228217207;30.8666666666667;26.45;20.9848175800186;24.4888986504061;2.85920998699226;2.45008976747123;NA;NA;NA;NA;NA;NA;NA;5.98867924528302;"Ride"
"368";1;"2018-02-10 08:34:59";"2018-02-10 09:03:16";8.84655615304275;28.2833333333333;22.95;18.767001856779;23.1282513805039;3.19710097850962;2.5942298452609;NA;NA;NA;NA;NA;NA;NA;4.303125;"Ride"
"369";1;"2018-02-10 19:17:42";"2018-02-10 19:55:14";9.48346179907228;37.5333333333333;32.3666666666667;15.160063266723;17.5800527686201;3.95776712434325;3.41295903884307;NA;NA;NA;NA;NA;NA;NA;6.26451612903226;"Ride"
"370";1;"2018-02-17 08:46:52";"2018-02-17 09:11:10";8.52360629686746;24.3;20.05;21.0459414737468;25.5070512624463;2.85090596088777;2.35229072081481;NA;NA;NA;NA;NA;NA;NA;4.71764705882353;"Ride"
"371";1;"2018-02-17 18:52:15";"2018-02-17 19:23:46";9.12312881021089;31.5166666666667;27.65;17.3681986868108;19.7970245429531;3.45458968324466;3.03075847937752;NA;NA;NA;NA;NA;NA;NA;7.15086206896552;"Ride"
"372";1;"2018-02-23 09:52:18";"2018-02-23 10:17:58";8.69461050365687;25.6666666666667;22.6;20.325063515042;23.0830367353722;2.95202029531645;2.599311376915;NA;NA;NA;NA;NA;NA;NA;7.36956521739131;"Ride"
"373";1;"2018-02-23 19:32:19";"2018-02-23 20:02:53";9.08023862051416;30.5666666666667;26.5333333333333;17.8238053619689;20.5332029107104;3.3662845156525;2.92209648250752;NA;NA;NA;NA;NA;NA;NA;6.57851239669421;"Ride"
